x1,x2,x3,x4,x5,x6,y
0.31829851446123664,0.5593996481631055,0.34653789142066616,-1.0,1.0,1.0,4.741289594027058
-0.05107085373553154,-1.0,-1.0,-1.0,0.01696344036493369,-0.9173669895396781,1.1596726867501546
-0.5136583482564687,-0.6254146556080332,-0.0866572581214683,1.0,0.5637783761007391,0.608815903571978,1.394103692035441
0.8216814235435055,1.0,1.0,0.848711425977402,1.0,-0.07716273069390352,-5.744949805959654
-0.5573663221351601,-0.8651360911223896,0.043890077417624546,0.07109630747317897,0.5043331799958226,0.403234970344929,0.8399298553476119
1.0,0.8446576052539916,1.0,0.3668502046994171,0.4766692528883744,0.11814829439496705,-3.141270043751054
1.0,0.3926999062455403,-1.0,0.655257575266259,-0.8179742088061732,0.118067658374716,3.645169250691595
-1.0,-0.31901346704345057,-1.0,0.2798577926276623,-1.0,0.8971717063962243,2.6981204539471544
-1.0,-0.23929321793603342,-0.657239959365712,-0.29456809149837926,-1.0,-0.11443364223908009,-3.083088331852329
0.787742569120415,0.4473691744219105,0.6909177671515713,-0.3134110512980937,-0.40829000336084637,-0.6176687636631106,1.6977679484193902
-0.21067231649923768,-0.07392954322365657,-0.36157887862512017,0.5853164685218387,-0.16429203923648852,0.7267725632000611,1.131763925465274
-0.6164844075742859,0.6359417016966766,-0.6460131313083812,-0.31306543404551834,0.35435182414644895,0.27445286185389084,2.170664392219077
-0.17558351280626505,1.0,0.6646736658750458,0.05016523044250476,-1.0,-0.7600763041764981,-0.9370539715274189
-1.0,-1.0,-0.11089851378534865,-0.663219195429058,-1.0,-1.0,2.6550734636396456
0.29522776740766565,-0.1299370014614618,0.5596142023481244,0.24817003643754934,-1.0,0.16858405154530803,0.7719082612752357
-1.0,-0.7118386898451721,-0.12147654829194843,-1.0,0.059528955032600694,0.11232315915886082,-1.226500819055528
-0.801970667814313,-1.0,-0.3331389500520555,-0.03184780378216462,-1.0,0.18370536430613305,-1.4078114457391027
1.0,-0.204977478861047,0.7368335842111449,0.37415071182266707,0.9661217175190895,1.0,-2.091613157022085
-0.08685057501685645,-0.9195928964021101,-0.7453906314193246,-0.31321381080016897,1.0,0.6337018372547547,-0.6249124178123994
-1.0,-1.0,0.735857710110214,-1.0,0.0005854948333203769,1.0,-4.7217599505514
0.02469105324851878,-0.2080250614206015,-0.3705491879814026,-0.8740673250344678,0.8885267510807374,0.9564546718917553,3.5507563061262637
-0.10858504301600913,-1.0,-1.0,-1.0,0.18074995336857924,-1.0,2.6541424557883446
1.0,0.64901803417371,1.0,1.0,1.0,1.0,-7.851411372913183
-0.1262269278480137,-0.9318432422741318,-0.437734218851457,-0.06481185396410671,-1.0,-0.9277814085320013,1.8184325157275922
-0.7456695078020033,0.009295519106504724,-1.0,0.6720090873342258,-0.3376877274330462,-0.009559832889635467,-1.740897054440956
-1.0,-0.8566158879243774,-1.0,-0.15489208343247268,1.0,1.0,4.858692886576485
1.0,-0.16112940194819153,0.12973695074149028,-0.5343525910419988,0.043025323414360606,1.0,2.0760551832172496
0.16153398676817785,-0.4481110472079931,-0.3555603100808859,0.39044847717919867,0.4460420386185736,-0.12901373397479388,-1.0460115279541569
-1.0,-0.17385119176321473,-0.7702087913498904,0.13904171207437155,0.5111814258487735,0.18832232051135406,0.821119862025219
-1.0,0.4803838545031561,-1.0,-0.48032437840417175,-0.5434766683086618,0.4845815808625519,0.8926913100519843
-0.3638962979463441,1.0,1.0,1.0,0.7132099466056732,0.9553059821444972,-6.2898637841152745
0.6120461826442178,0.9107297319615857,-0.5976160033735154,1.0,0.17014174041251284,-1.0,4.168014533895127
-0.6894661020382074,-0.17463768353232612,0.1935890486940106,-0.36437786590857424,-1.0,-0.9210167914019656,-0.6191276071566222
0.8116629914575331,0.6508469334340545,0.07398203530216985,0.5601100739872782,0.15094459618646194,-0.9802689920177177,3.1993401405563793
0.3735721489818501,0.6982222583632018,0.2811140199671677,0.9000376475031704,-1.0,0.0929357759752194,2.71644537720898
1.0,0.22267256328340435,0.1639172817522605,0.7166730525563627,0.9096391435110489,-1.0,0.9119297415081122
0.09849653547430998,0.19531108702342503,1.0,-0.08917091488174078,0.6384427218298081,0.02446383160395124,-0.1879725049047702
-0.3293418184317176,-1.0,0.4490032658003329,-0.37439075172208036,-1.0,-1.0,4.342091104003334
1.0,0.5644115303536135,-0.15394656082834368,-1.0,0.4492439615959655,-0.4860523698285649,-1.3990282538431043
-0.1016287279317592,-0.06838341973301665,-0.5746635700157641,0.13906275333861073,-0.09688827654425802,-1.0,3.2265872401779374
0.34569442989545074,-0.4651304238895279,0.05560827879496716,0.7313247151203137,-0.4601932691798172,-0.2129082677972538,0.7101330922582108
1.0,0.1273808778333989,1.0,1.0,0.36352419464223684,1.0,-4.424067322105852
1.0,0.4093926241983563,-0.27872546205015825,1.0,-1.0,-1.0,8.229369453324413
-0.0034074182855712287,-1.0,-0.3818056060256634,-1.0,-0.7645401255620168,-0.46430489457740953,4.477971408729494
0.3172718801872052,0.21258402122020503,1.0,0.18347497230259968,0.44687709219613747,1.0,-1.950422931529931
-0.15838597390923137,0.22022213192435877,0.0106389882628245,-0.8096777459091626,-1.0,-1.0,0.4156293980305078
-1.0,-1.0,-1.0,-0.7214398884890048,-1.0,-0.017454089556837138,-3.916157411546327
-0.15613501602014657,-1.0,-0.08042503361894315,-0.4818808041921536,0.862480334304875,-0.7232913551881434,3.675734114105312
0.8030982593400267,0.13726693678169455,0.41164657953945594,1.0,-0.6378997534089881,-1.0,6.7339861737455475
-1.0,-1.0,-1.0,-0.7298054174744784,0.7683242534795148,1.0,1.0015457347902643
-1.0,-0.3167897743763928,0.20211303054928145,-0.061578203829821265,-0.3409562501665677,-1.0,1.4332126283498412
-0.954599067245601,0.6187829402604939,-0.7621545527940248,-0.6575726894000298,0.22128882177948173,-0.06711294848495242,0.06434947998111723
0.5913030059880255,0.7225469295028144,0.26159058870072344,0.43974083080934356,1.0,-0.19580538021212046,-0.689395519327163
0.8242231550911969,-0.14866788104872464,0.8024948044761571,-0.7747637901736378,0.30001529918485703,1.0,-1.4853694764085539
0.6896786573655196,1.0,0.11151903163711285,1.0,0.8453270940851139,1.0,1.024489944465726
-0.2739172529528856,-1.0,-0.5375591069246531,-0.21865230842102257,1.0,0.6317338366322945,0.04123285463116149
0.050355944756841686,0.17665893697248158,1.0,1.0,1.0,0.664853996100476,-1.460542982468013
-1.0,0.2094017154642437,-0.764600652191076,0.507682880979837,-0.42836746316653573,-0.8284702089812568,1.4197638951540208
-0.24362685141775187,-0.7205580614060497,-0.8373737147230909,-0.7220897741779257,1.0,0.6770995838310132,-0.17919897011160024
0.033163204458474205,0.08300907057059284,-0.6680229933603926,0.5798349637877148,-0.2619346015452181,0.5172017315212547,1.1002036318176405
-1.0,0.492400866140074,0.8966204422989974,-0.991561904310581,-0.7063940423737405,0.962853517144347,-2.8225928346938454
0.47388372742696183,1.0,1.0,0.522330253637922,0.9472109179852499,-0.3660227940432621,-3.949024395308589
1.0,-0.021459446612732913,1.0,1.0,-1.0,0.4422130281155429,2.681673115311064
-1.0,-0.01368843067144937,0.7722453358342795,-0.1770852566401131,-0.7890545098006869,-0.0032274662848699176,-2.0959445195101303
-1.0,-1.0,0.058775482320378325,-0.9769894282742204,-0.9765206355040714,0.6969900106406993,-0.8499656969542853
0.952128611382139,-0.22813454733412367,1.0,0.4658777294639419,-0.5469960488343122,-1.0,5.7289072766148195
0.3381437968188574,0.06245647282744837,-0.30697221126869945,0.3305347351085259,-0.1758952697751781,-0.8170822621902826,1.7123943576538125
1.0,1.0,0.9603119043310706,0.6403725463790291,-0.6363975924723426,0.5453005938642317,-0.7267844444432217
-0.6926296401002714,0.4382209707285135,0.20455131732773768,-1.0,1.0,0.6760505256945701,5.899805993512885
-1.0,-1.0,-1.0,-1.0,-0.7988766000510187,0.10747593543720826,-3.4204175840342663
0.36388836519364615,-0.8506986263793602,1.0,1.0,0.431073417722843,1.0,-0.9566314522895287
-0.5893460004099392,-0.9061501480457281,0.6450981850416839,0.07493019056289552,0.49461177467228484,1.0,2.02305472659899
-1.0,-1.0,-0.8017986136441039,-1.0,1.0,0.4030096977923676,-3.848744769286739
0.11067700702085981,0.9892070804113083,0.8489066569559582,-0.37282001733157444,1.0,1.0,1.6426164613638603
-0.9310771679067644,-0.7801045525580286,0.7592821428681271,1.0,0.011586932741551897,1.0,-1.5078477397412753
-0.18581107412675832,-1.0,-1.0,-0.44927176159396,0.9039130207357893,0.7182603897039579,-1.3110747820436954
0.2920428820112796,0.5758270214934116,0.4901030868266236,0.5280338566046272,-1.0,0.5392374297621584,0.35032526929753527
1.0,0.5958599980373671,-1.0,0.8332175910275925,0.4742862106044999,-1.0,0.4082878340725409
0.054561443798067516,-0.5820187510504431,-0.9633652668472759,-0.5595678876871345,1.0,1.0,3.4537256294283245
-0.26292230489063484,-0.6202954450620832,-1.0,-0.8310354716902861,-0.4297009229533828,-0.19848074772473828,-1.965556583546964
0.6314231818934763,1.0,-0.7848781616756908,0.860254709318476,-1.0,-1.0,7.974479420597939
-0.5964351861688963,-0.535850506144592,-0.24947775725729993,0.08973634917110329,0.7081336929527184,0.8318291508879123,2.2152707398134037
1.0,1.0,-0.19118254487598801,0.49047430895401245,1.0,-0.6397953755683576,-0.9084599084314235
0.1584899140334104,0.18081083414013,0.16014101480887755,0.7944689309310187,-0.3713249772366296,-1.0,3.549995842555707
-0.645890743664323,-0.6906960661032624,-1.0,-0.17862595328643424,0.4420319738485894,0.43524592058508516,0.20980040610808365
0.30534631811516466,0.2959155762327019,-1.0,-0.9475913576676565,0.42077100342607365,1.0,5.741758028615309
0.42216463123536707,0.10289245257283675,1.0,0.7795131586317896,0.28038897373406146,1.0,-2.6200439062470045
-0.22431194224696283,-0.6779988419800611,-1.0,-0.3288094296791558,0.7835746040437493,1.0,4.8813081862354375
0.12383534763003035,-0.00013831355220528252,-1.0,-1.0,0.29246590674923556,-0.38930616353229064,-2.160767022158036
1.0,1.0,1.0,0.8871604744816657,0.6498746768809467,0.9334913933470386,-8.482655490012457
-0.3117479778115224,-0.2316675846395242,0.2708132388294471,0.16491322231412592,1.0,0.7155671365437278,1.6217424645771745
-1.0,-0.7728627538520112,-0.7809469287907156,-1.0,1.0,1.0,2.883234264994714
-0.4276373787027652,0.5065956584578806,-0.49093889850865935,-0.17556417057586904,-0.5110267478783181,-1.0,0.47801274195461235
-0.14666960658561634,0.06125612417229953,-0.7208266200572555,-0.0005662559636465114,0.10986452840034477,1.0,5.128488575206195
-0.16923249310882615,1.0,0.818340195542866,-0.048784451073700275,0.8748137914720622,0.2907836142476234,-1.3226844319284514
-0.1291277589093276,-1.0,-0.5449736838859759,-0.17116349760327054,-0.00484714055370028,-0.205694806875248,-1.5943908166802294
-0.7617417053904281,-1.0,0.8663869278526257,-0.892489738995226,-0.01907874859474723,0.715278184023227,-2.7497410618701257
-0.3828256957657595,0.3182772432171533,0.3475570858274938,0.22049828118619055,1.0,0.5457222907745749,2.354211091733699
-1.0,-0.6230937814505619,-1.0,-1.0,1.0,0.2094834627719843,-3.626037882011771
-0.15478716638944512,1.0,0.8837461162949456,0.5876401740712818,1.0,0.63442037324617,-3.366811859501592
-1.0,-0.8340295295052789,-0.6213719675793024,-1.0,-0.869210076582142,0.6291276880887063,-1.7060443648209884
-1.0,-1.0,-1.0,-0.14458980442664182,-1.0,-0.9218741535905508,-1.2643287198099484
-1.0,-0.32104910463537784,1.0,0.2314085447780872,-0.9311663436029234,-1.0,-0.6379741332256283
0.8754825546276145,0.7253643151553995,0.5525360919757827,-0.020313869374439963,0.321201054735881,0.2019527881936305,-1.5899215583718893
0.7590508618212213,0.858266576545161,-0.12423814089245921,-1.0,-1.0,0.03642338815311719,6.134815710104948
1.0,1.0,0.2731354934673038,1.0,0.9835018791587973,1.0,-1.4697559477260296
-0.2162778636785807,0.4056258222040363,-0.40346791693081485,-0.7270606954280698,-0.32184203489569674,-1.0,-0.08063261902245511
0.47522504546535305,1.0,0.08929442641151125,0.24240490150338578,-0.5065743266424759,1.0,4.504146763403124
0.44696411838815164,1.0,1.0,1.0,-0.34338919481666696,-0.3506088451977518,-0.6340011872181608
0.7286404145342548,0.8733389799194884,1.0,1.0,1.0,-1.0,-5.52094596824857
0.615977642887254,-0.247250862561736,0.0823230968913723,1.0,0.6360513280915251,-0.9335353226028653,1.8388434806078588
1.0,0.4368061631425413,0.5867780164328865,0.5110413270103131,-1.0,0.5542414165119239,2.966736182617502
0.019159935081335955,-0.1555129095590111,0.39818446607628216,0.21502170857250408,-1.0,-0.06713787335392296,-0.07069437266845909
-1.0,0.46988375730811865,-0.3511897931424689,-0.7609322014055058,0.3351757586720161,0.6503038223784298,2.8622311850957027
-0.13462172264056316,-1.0,-1.0,-0.7326309398508277,-1.0,-1.0,2.605745899388019
0.5313069941459277,0.4672928092968829,-0.7225230511820364,-0.996035780334494,-0.4439565195140174,-0.7744924453491357,0.8302658653750448
1.0,0.2884067055842109,0.34106267183052175,0.9472745847273847,-0.22303465997925565,-0.6099360181928721,1.5855705548800445
1.0,-0.6311427405201353,0.8107030395986933,0.21139393237704635,-1.0,1.0,6.963134531671534
0.48774161537519406,-0.011444523257146288,-1.0,-0.5108704262976111,-1.0,-0.05153555613963168,0.36759268418819524
0.3460153427610898,1.0,0.49504243216806554,0.32100072710568317,-1.0,-0.8627801747701616,1.089897109122535
0.016970035326942745,-0.9048132413014596,-0.14495894059498016,-0.9750156935847443,-0.671862612977304,-0.2302746422873695,3.7307064363205256
0.44327164860139795,0.42017696109033503,0.09440526568793128,-0.6220390834188074,-1.0,0.2563196799262134,1.2347415591125326
-0.44350954107126217,-0.3770671911336698,-0.6105831759243552,-0.19605516762166952,-0.023414643458206985,1.0,3.671122021963755
-0.6228843851458374,-1.0,-0.7927411493847544,-1.0,-0.6339649591909067,-0.28759460455519115,-1.9935187965391217
0.5124083033821227,-0.7477126484317441,-0.7164859500834655,1.0,-0.20291238552340507,-0.04485883957298181,-0.21527645499062242
0.12314249285501383,-1.0,0.20538145487002074,0.4144525871665797,0.2240925441264816,-1.0,4.251444370256109
-0.118870642089687,0.1760197057565418,-1.0,-0.8958602960649804,1.0,0.6901233346243099,3.5624248677114565
-1.0,-0.6531526710466322,-0.8119525017208855,-1.0,0.04611595408198654,0.6537409166234105,-2.1585894275428683
-0.2293249881694978,1.0,0.26336444353480093,1.0,0.1962433872002991,0.27958913084896914,-2.4640932725630686
0.9132881194288205,1.0,-0.13844695458171685,-0.49363664745931496,0.8094855923230159,-1.0,-0.4689567990325827
1.0,0.1626368335787889,1.0,1.0,-0.8901342078145941,0.3303449389904484,2.726687836740464
-0.8080937906246242,-0.8206027606196188,-0.6413527290181484,-1.0,0.27522259838710683,-0.6787384352971835,0.5509024834315851
-1.0,-0.5810739277908834,-1.0,-1.0,0.4715344281082515,1.0,3.541395486263605
0.22345274524816108,-0.43649782332244264,1.0,-1.0,-1.0,-0.04078777836723857,3.2212960409261933
0.33624892272843054,1.0,0.06892720204852398,0.34224986274436603,-0.7109982232926711,-0.048799087796109086,0.9600106778713074
1.0,-0.7593821043086304,0.8252733912476049,-0.5291779288128651,-0.030825303336748267,-0.8519356382024819,6.3966537588482035
-1.0,-0.6559104794969557,-0.8986924583789501,0.5942488239634268,0.21549242987755735,0.324145599376491,-1.7000169510565206
-0.8478684582186731,-1.0,1.0,-0.9399420539602206,1.0,1.0,-2.3816023955709533
0.7482130227754443,0.5373155230351763,0.8565217988056986,0.28305626602379264,0.39080616573872634,-0.7416002192563892,1.1900005510171203
0.315848798807729,1.0,0.553025955864185,1.0,0.7151296811256851,0.22565033562018005,-3.734780548165224
-0.21728351605374902,-1.0,0.4522655339240076,0.412729442904375,0.4159812303285446,1.0,2.6663926338681456
1.0,0.6377722020457977,0.8460026130468444,0.9602282260587486,-0.2959908934653901,-0.01245290095750251,0.9610136947386663
0.14309992100664604,0.23742862000599918,-0.5636377219719462,1.0,-0.638916748592392,-0.32044058528430575,0.480656853749764
-0.6671811170441027,-0.17656440730598422,-1.0,-1.0,-0.46364016189980406,-0.7148856754634019,0.43056595215435156
1.0,0.138742082573593,0.6764957590414715,0.08858433755059042,-0.05236660080388045,1.0,0.931598430670463
-0.7615046416878608,-1.0,-1.0,-0.9460970835439573,-0.8852731237483764,-0.37622239400059077,-0.8004821903321793
1.0,0.4777143047061214,1.0,-0.042236639771759954,0.4797309180188228,0.5862617876873579,-2.828474560144174
-0.6204816836012769,-0.15206554033578767,-0.9751324961184604,-1.0,-0.07255262576197696,-1.0,3.4126095930785745
-0.2813689669212987,0.7134219011908889,-0.8543138734217164,-0.1400006329679616,1.0,0.5978932446824203,4.1769018190496086
-0.45615059770397237,-0.2149903655741714,-0.8953400610837305,-0.4731992895226659,-0.917236356134321,-1.0,0.5462304223211079
0.9452174853965774,1.0,1.0,1.0,-0.10270194067995042,0.9155036454192644,-4.535440296969042
0.8055959549642284,0.24853651364701013,1.0,0.4979978399652022,1.0,0.9515201081359059,-5.6787746298002935
0.5251886917895087,1.0,-0.12063763146920276,1.0,-0.9870566174792507,-1.0,9.019423485443795
-0.8799767954284758,-1.0,-0.4105772538365713,-0.26610478354184364,-1.0,-0.31366156958524094,-1.4898473882176941
-0.565731970316757,-0.6248488295135363,-0.0693914308776209,-0.6598439453622996,0.10941013186261284,1.0,1.1543359660978971
-0.5150516984445835,-0.344624376346065,-1.0,0.5064314093649285,-1.0,-0.6880725817605149,-1.6421986131413024
-1.0,-1.0,-1.0,-0.7441418678318115,1.0,-0.9596342068064752,2.50316414282296
1.0,0.7295402583150934,1.0,0.26861006009674404,-0.821020829095916,0.20140663292177352,2.0954604032371225
0.22873835108563287,0.5519049744648666,-1.0,-0.351225898990949,0.017041616599741294,0.19970615314099371,0.19646501224221258
-0.045234972381393346,0.6780303057643704,0.49869267214151924,1.0,0.010844376891386065,0.5361576869011399,-1.3471416973009265
-1.0,0.3588443035699044,-1.0,0.42770536309175544,0.811304159084554,1.0,10.990855353069705
0.39028196395910797,1.0,1.0,0.249248532351241,-0.6816203154456603,-1.0,0.1947290822580504
-0.5465935366420088,-0.7946582060577648,-1.0,-0.08122789894302562,-0.19540869443419207,-0.865666698719185,2.0563236798062796
0.2680018342017702,-0.38031176093049956,-1.0,-1.0,0.11116377791295662,-1.0,2.449924660786332
-1.0,-0.7011876576047319,-0.19437583223238586,0.9193854727165293,-0.41617777380876114,0.9077753496932734,0.6801217191909077
-1.0,-1.0,-1.0,-1.0,-0.4150354310504891,-1.0,3.0002594066980417
-0.9986670269879332,-0.914233452519223,-0.5673539851732042,-0.7683734963497224,1.0,1.0,2.154148589006471
0.1713629227249227,0.35476663441085976,0.9297009949211152,0.7283315636333278,-0.8954402659305651,-0.765355449701774,1.0259259180779434
-0.5322975114307251,-1.0,-1.0,-0.5345092570323535,1.0,-0.10941588365628352,-4.486651649355759
0.5604195198961136,-0.5856730708089077,-0.48280884010954217,1.0,1.0,0.7309893986475282,1.0705345913808801
-0.554798672650854,-1.0,-0.19491083626874972,-1.0,1.0,0.8560472910159864,0.7445294793020321
-1.0,-0.9777362311823892,-0.49575600414306153,-0.9036505048600649,0.5659877155978155,-0.04490293910471588,-1.5859492795275651
0.49213762389765875,0.11631224192658945,0.05444442767650348,-0.7477569353052251,0.8219472646087456,1.0,2.6484256966693027
-1.0,-1.0,-0.6717349354780031,-1.0,-1.0,0.8121632181732508,-0.11064411500861875
-1.0,-1.0,-0.9789809519182666,-0.8727186128312467,1.0,0.8983854497079737,-1.626274263897787
-0.7453092322815222,0.3105345384076261,-0.48561522174135424,-0.5662850036548049,0.380907968729871,-0.9673958860989276,2.999281631694969
0.6749362965043209,0.36607404608735084,0.02920436154970618,1.0,-0.5206493866597435,-0.28335669051880563,2.478448568368691
-0.31576611958656775,1.0,0.8902743665600579,-0.20240224456970535,0.18179493321389595,-0.09309150376738695,-1.908305631969205
-1.0,0.522068897912126,-1.0,-1.0,-0.2606198761559636,1.0,9.053790100601267
1.0,0.3496933917643532,1.0,0.01926650246152195,0.52406577108432,-0.012657175882768601,-1.7893284605157977
1.0,1.0,0.5479019373178466,0.2099269108636994,1.0,0.7640563586296332,-2.54334951118084
-0.40852226859399865,-0.4346205590360656,0.6662819844735937,-0.044045338912843235,0.988949197645969,0.6353487639779745,-0.9325818301546531
-1.0,-1.0,0.5974412517778678,-0.8295244054906199,0.2328143771446286,0.8022689999221708,-2.07811188729275
-0.5755249660640626,0.6721432559458517,-0.3935677768560556,-0.34427523014681316,-0.8846028529500193,0.16987355062040851,-0.40386333826689846
0.1983303594431053,1.0,0.22194188679130256,0.14798580359744995,-0.7261814325208793,-1.0,2.305525784683122
0.05760833775853347,-0.24527867886889335,1.0,1.0,0.8030673840379597,0.5000463362747188,-2.6722030305422826
0.44138967274063867,0.596769417155713,-0.521012336594714,-0.6979059546478967,-1.0,-0.41004150939055906,2.097415491961214
1.0,-0.500999800425691,0.44203083529871545,-1.0,0.2636859523153785,0.02238535841373901,-0.361585471076327
0.0557142827458752,1.0,0.9810379504746546,0.25227804794880015,-1.0,-0.7102827073277752,-1.3286982321610519
1.0,1.0,1.0,1.0,0.4600685542244586,0.9359684261860073,-7.416608547108305
-0.057929901806399675,0.6926183907753661,0.9551258486588956,0.5867338225916433,-0.4552209207076908,-1.0,1.5921227718600932
0.9104222257066135,0.17763682178290474,0.3030075154512364,1.0,-0.7224060240881718,-0.26950041854035467,2.0298635380813796
-0.4185716537576834,0.07963524782828829,0.7668792098562327,0.8397445838387428,0.3372527115647655,-0.15720061168241095,-0.7439104081939385
1.0,1.0,0.26477345732129753,0.7276802326429507,-0.661264095646991,0.27283666407190266,1.9374000907794169
0.6330208348356806,1.0,-0.7881935578033641,0.4485153460071083,-0.38044680377167395,-0.008441796418832581,3.1620837738686807
-0.045649020373759785,0.7254475703323671,0.4507467261562428,-0.9805789416709549,-0.40299595278475947,0.07067504148974321,0.13863736841881708
0.19423541879928896,1.0,0.7193116668095483,-0.36430244169766396,-1.0,-0.5042064382933458,-1.5503097212838983
0.05472284144334616,0.2455075505509774,0.7598059634114583,0.8085690341729044,-0.277188587253284,-0.2190511477874013,0.4221716014291794
1.0,1.0,0.6038583423151531,1.0,0.18675072046289942,0.37444320416203647,-2.0223371514115316
-0.4831741216890909,-0.9929637928335587,-1.0,0.031231013779195155,0.1464677287911319,-1.0,2.9434469592280985
0.20135618188957727,1.0,1.0,0.7623164532435278,-0.8044922119699868,-0.22036825204270638,-0.3011240808563612
1.0,1.0,-0.33281932503002365,0.6665266700273855,-1.0,0.5746614800222181,6.043452080529569
0.6478904736399582,1.0,0.503250648811846,1.0,0.39377332667277254,-1.0,2.0057142520710185
0.4210205106834789,-0.49016194718391143,-0.9350006576862757,-0.9695402864592585,0.0022752679389815844,1.0,3.3018041382579044
-0.6543242736825301,-0.4740030530226558,-0.30009693207058463,-1.0,0.41101265070982074,-1.0,4.836653473507976
-0.15564924444438677,0.6025251883607763,0.6239594923338692,-0.9386543279815736,-0.4765267611281565,-0.8499612719674823,-0.08718059788536452
-0.04942269316635406,-0.9128875873430824,-0.13533101664572117,-0.09774577996248351,0.2544064535803817,-0.6459778986591254,1.7403049702418287
-1.0,-0.48507888890024975,-0.4441291979016595,-1.0,-0.4708047700982242,1.0,-0.6778874079706425
1.0,1.0,0.3201890859246767,-0.28803003957368717,1.0,1.0,0.9402985690734867
-0.8379708129447362,0.14068999220143813,-0.8950882763114992,-0.7939449987521255,0.7857293602395794,0.42805257305745803,1.8010373768927275
-0.23747606040224223,-0.148399836676681,1.0,-0.2703613239930338,-0.9288894793073966,0.2943853355795958,-1.3421790325914387
-1.0,-0.0798767448075853,-0.42395279568072053,0.7059393203491063,0.038331300271157054,0.24526236885972189,-0.46467493730827303
1.0,0.19182059831681264,1.0,1.0,1.0,0.3186621507893923,-6.557330521010858
0.3930914153716598,1.0,0.5418509355133849,1.0,0.10437485311055161,0.13572980954704605,-1.646107930872552
-0.7478863078447815,-1.0,0.6844981548939177,-1.0,0.23629264283515816,-0.1601049970965004,0.11423540336782412
-0.019243217983666173,-0.2337604846171284,0.10009291741710458,-1.0,-0.10431610862698149,-0.40486948870711154,0.7679292141229946
-0.9241338879154362,-0.2502952047411491,-0.9846249196329908,-0.09990091803515389,0.2642530958134998,-0.3252221521044769,0.7088342353593731
-1.0,-0.9809139927961109,0.7057930461316934,-0.5693192538642502,-1.0,-1.0,3.407416434773301
0.803243970159865,0.31522502718858114,1.0,-0.3622785822292863,-0.04821918059242636,-0.47050688104776994,1.792321242738932
-0.25045712305463563,-1.0,-0.7858444499798629,-0.5702774549335595,0.2269107353870219,0.7433982483658368,-0.512275786584501
1.0,1.0,1.0,0.6402118866327418,0.8608664890547856,1.0,-7.3892533177775634
-0.03452796934051903,1.0,-0.30306869563805594,0.9944719229459126,-1.0,-0.3252461400133081,2.730235757070883
-0.05622116455283227,0.7491574059600861,-0.8751989260807774,1.0,-0.858736083402291,-1.0,4.799345341259154
0.39858991417450584,-1.0,-0.8457544266737927,0.2748585085564519,-0.5501868794353357,-1.0,2.0039587823839238
1.0,1.0,0.59435654911357,1.0,0.7229447061914022,-0.17441561621002774,-3.2721820054477098
0.7906567984963904,0.9602075521301447,1.0,0.09905491342751693,0.3267733804824975,1.0,-3.4247653439119197
0.08242925554311387,1.0,1.0,1.0,1.0,0.6904229548523639,-6.543448569739208
-0.3967477301812119,-0.2523942461052351,-0.15258422133205984,-0.05032277681375891,1.0,1.0,4.816286525104111
-1.0,-1.0,-0.7995511644499158,-0.42160748381530433,1.0,0.3589805847316009,-2.344348542315049
-0.6943221487474432,-1.0,0.3519633265087624,0.05837553265944162,-0.5861655682131871,-1.0,3.9367472418204863
0.09989276408991438,-0.3848030391294703,-0.2448786011972232,-1.0,-0.5945845694686023,-1.0,4.102752417024388
0.053235716014371603,1.0,0.820167046322857,0.9817164470426016,-1.0,-0.010931821755998161,-0.4715026486919232
-1.0,-0.20195684894914678,-1.0,0.20270891027539745,-1.0,0.08733856516193927,-4.0612764827638745
-0.6770646983369774,-0.6320381856653272,0.6127707670387821,-0.69566878758301,1.0,0.5899576151278332,1.0211290924171421
-0.27487046005736415,-0.8538396044539459,-0.3949297150889648,-1.0,0.5913918595281238,0.8466441563653506,-0.7909860708849505
-1.0,-0.034002358161367985,-0.5276746906158725,-1.0,1.0,-0.09284275193368974,4.1405591072017005
-1.0,-0.8285478513438962,0.08928311914313364,0.059555485465363045,-1.0,-0.7451307579489336,0.1857080397064756
-0.9971156408732855,0.8713779938247206,0.04713798645393835,-0.3339250276963439,-0.1478340538310159,-0.335226949216906,-0.46562137858668673
0.5497732443264012,1.0,1.0,-0.3623997032863338,-0.6256772972607056,-0.1302266712700606,-1.322574341338688
-1.0,-0.5633713242414993,-0.8637072250185316,-0.9635821577718899,-0.5480016921886117,0.7666115968356719,-0.37527027297646126
0.8632555698080464,0.3412712754461791,1.0,1.0,0.3845770079148141,-1.0,1.0093251442199827
-0.8111403580899346,0.638872664799184,-0.39716361708672454,-0.9502171449818905,-0.4381342205545298,-0.7428209925970362,-1.4780111896201724
-0.7477594099896434,0.6965774591859262,-1.0,-0.8898057716506182,-0.4077414929867862,0.1983561369487361,0.16427558765437544
-0.15937886644925614,-0.002794851538113985,-0.4806079198597064,-0.17071870163844127,0.6722271794643385,-0.8893157567583854,0.7577317294633881
-0.4727728602921646,-1.0,0.015660218170236884,0.9080656155815117,-0.6936064366322557,0.41976097332215423,0.7850107290225588
1.0,-0.6684841945748305,1.0,1.0,0.5537128180599432,1.0,-2.7383862390500324
1.0,1.0,1.0,1.0,-0.06468711352030232,0.49704779234103946,-3.642504685854927
-1.0,-1.0,0.11040815227142842,-0.9326339473370906,-1.0,-0.23640406705725647,2.73486132648435
-1.0,-0.9037591244048839,0.21266858247050846,0.6742931096541347,1.0,0.8393419762738157,3.305603872733003
-1.0,-1.0,-0.7324490917112401,-0.4324090771386855,0.4635473947371559,-0.7611692268716257,2.6466766790878014
0.48877732357130377,1.0,1.0,0.7892710731761264,-1.0,-0.08172491580984799,0.04571365548249107
-0.29529273882676343,-0.5595044473619736,-0.33444128802940143,-0.2025572751731839,-0.6462554206563398,-1.0,2.3608115321919376
0.756089024458922,1.0,1.0,0.8552437065239018,-0.44845226597300525,-0.5442314820095595,1.5121166027287964
0.950726618914589,0.8258051218366025,-0.14067631671846945,-0.3838576182876574,0.005309061760353173,0.7546133570074768,2.833171564059928
0.28953328094351427,1.0,1.0,0.27624724835387515,-0.8957837591059674,-1.0,-0.5771773080748669
0.5441981129898866,0.6624717609410492,0.04752371928135071,0.2037557362067951,0.8480384392830231,0.4036041479101485,0.06979783811249507
-0.09590049697694614,-1.0,0.7340528643980692,0.3368518743523123,0.5264477372282681,1.0,1.5647483286828914
-0.8898456467948956,0.4261314293505091,-1.0,-0.0084552960467289,-0.9272534913397249,-1.0,2.063578345263255
0.8032689017734733,1.0,1.0,0.18263730012988177,0.29235624910291524,0.253493087431508,-3.8640322644311746
0.5887814930913722,1.0,-0.11446593758653811,0.6961928041090235,-1.0,-1.0,6.464162414642688
-0.7496291610377677,-0.9215760737803201,-0.8184294513252053,-0.5128644482872086,-1.0,-1.0,1.4972676131450129
-1.0,-0.7815272005772155,-1.0,-1.0,0.024800218366166193,0.7736335242961251,-1.4326875550488865
-0.6903841649664738,1.0,0.9758706197684829,0.8631874700468305,-0.8950385623137853,-0.39336565812099894,-1.4726948792056058
-0.2307152605609275,-1.0,-1.0,-0.04434840270840357,1.0,0.16070796168847212,-3.540690859467931
0.30019006276018523,-1.0,0.20481240880736828,-0.9478109424146965,-0.06368005783201101,1.0,0.3684838855667642
-0.32449119942814963,-0.35129752434956085,-1.0,-0.3217355362274499,0.3116775972559711,0.1651900886058233,-0.2636553092938866
-1.0,-1.0,-0.8148691179681393,-1.0,0.16893392423567116,1.0,-2.890982782084679
0.668874807830324,-0.8550760704514354,-0.47903807518849945,-1.0,-1.0,-0.12291022364330606,7.107236569045594
-1.0,0.21884880617828026,0.2849626422481917,-0.25370864349907307,0.07485215692199071,-0.5574583528716951,1.007296897539159
-0.524486175676553,-0.6166390537751443,-1.0,-0.4767153747489436,0.754236685214807,-0.6088918314925049,0.3223876361243623
-0.10591153021567717,0.3959066069417328,0.13993636145789012,-0.5210461344916069,-1.0,0.3376554344767644,-0.19159365659719008
-0.44182986620717846,0.4599530202880775,-0.1666070018529476,0.05973505793460043,1.0,1.0,6.066476301053721
-0.7407244923572934,0.05282859444507193,-0.20657716645314284,-0.09611924743501876,0.706735860216055,0.7527642694154538,3.954928033933737
0.785895076357805,-0.4308189987096782,0.3200459029559647,-0.7233439278481782,0.29685299857401076,0.4473974400390464,-1.0501185987216428
-0.41234409906634734,1.0,-0.10881697628242354,1.0,-0.6664142814750154,-1.0,4.057867043311175
-1.0,-0.43876772752109156,0.749162756009844,-0.5382863911165263,-1.0,-1.0,0.3736709202328862
-0.7774228160497587,-0.21165952649864261,-0.7571542018890077,-0.8803755438875193,0.7810793525603765,1.0,6.804953154381373
-1.0,-1.0,-0.8714706451649117,-1.0,0.9509810760773871,1.0,-0.3120563667260807
0.1929434497725082,-0.8857633122530864,-0.2994355115034444,-0.45544641135484265,1.0,0.3828209830417537,-1.7506894530496921
-0.29568572471891996,0.06218080090338096,0.07069779062278453,-0.5927791029021003,-0.6257201658143101,-0.9330500567219384,1.8323339007935315
0.7339020735556769,0.0792384450950791,-0.18565549583990393,0.4418476582983625,-0.9375829791477543,0.02738607937371107,2.8607629704967534
0.63847868551699,1.0,1.0,0.5332078525340807,0.30652553837552576,0.8197680003783249,-5.365678568032789
0.6967190893787298,1.0,0.16542797840612677,1.0,-0.3177046583038028,-1.0,5.940575411136279
0.622649078780714,0.2525831822615002,1.0,0.8852951743112505,-0.47345444808023995,0.6601290139942568,-2.403096305550112
-0.128538671666365,-0.12875347274574772,-0.024252263012176423,-0.030095509605252035,-0.5072965211785103,1.0,3.300056282359894
-1.0,0.48463163722847263,0.05107683697058815,-1.0,-0.5256469500779839,-0.5423462782623786,-1.6756524959291972
0.80159761360334,-0.33546947474918554,0.9279613919024565,0.19161702774382117,-1.0,-0.04718211539510764,3.2143837901583567
0.6380114621740741,-0.20875988956971747,0.6380081467086658,0.8251347131762087,-0.807398545535336,0.37979407698695045,1.2606834116630556
0.2364368757682278,-0.14577734611688076,-0.5492398806580612,0.30098272719665603,-0.7534497620914362,-1.0,2.481063945123765
-0.3950000158202669,0.8751336218307444,-0.0971754232249063,-0.05091474673733176,-0.8448689531131965,-0.15317370592464186,-0.5083878612437669
0.13679942566214914,0.5402113151117152,1.0,1.0,-0.5060216053412162,-0.9301294830298706,1.3129260227742923
-0.219583387457861,0.942459047254133,-0.7473187427236314,0.7455483330205288,-0.2392471646777079,0.17338902522921085,1.6917567413586676
1.0,0.45789262819270915,0.8503282551452643,1.0,1.0,0.13660323234673483,-4.618101327129198
0.7866711150880616,0.7725762949762469,-0.22064557533042123,-1.0,1.0,0.6783572329934235,2.715261175164368
0.10446966428026067,-0.3211861058067239,1.0,0.8675207321707237,1.0,1.0,-1.1051867865241218
-0.723867569255116,-0.32722735859529295,-0.529536922906231,-1.0,-0.6400016367699091,-1.0,1.804385669918784
1.0,0.3629125573256591,0.5714096199228803,0.8977875931660247,0.0642121703044568,-1.0,5.465731475101333
0.6774542098894325,-0.034095639055900615,0.8898955273871223,0.027479533312172844,0.03030521015740889,-1.0,3.2727447657450255
0.043763102557956124,1.0,0.34670714336919173,1.0,0.6349386382807014,-0.8329360049094552,-0.1815164917395265
-0.22884932196577945,0.6088491701244569,-0.73729992049667,-1.0,-0.7466617809024001,-1.0,0.07982853061414427
0.988413248435805,0.6728901101815986,1.0,1.0,-1.0,-0.137795579448996,4.995073644760013
0.8533321630529984,1.0,-0.08029445438711871,0.15186589692756713,-1.0,-0.5899267350791999,4.107056062763454
-0.9567274333501488,-1.0,-0.9669571879484771,-1.0,-0.14889328118373873,0.6083507069455093,-5.830324372845605
0.449331888392716,0.2634215987207329,0.9448632731629454,1.0,-0.06707744958773926,-0.15865124453113616,-0.9333254426598725
0.751850771194304,0.25149740555950567,0.5073634922669765,-1.0,-0.8145994280974262,-0.11864718319967632,3.718045945605183
-0.014204115584064758,1.0,0.6730044454973777,1.0,0.6147206489704922,-1.0,-1.6588688419287556
1.0,0.3975273613314504,0.03723603204312109,-0.289073503088889,0.7684856553705731,0.26232631628789316,-1.5691494595852271
0.13484351413721307,1.0,-0.13208924545087197,0.7299676805073041,-0.006322478929731118,-0.19168067439890174,-0.0701673105855119
0.6100840672169331,-0.11809713448841143,0.9686559353823146,0.6281978709698699,0.30901791460186856,1.0,-1.6713392412651684
0.5011710519508592,1.0,0.5594462924533452,1.0,-0.07778650271930532,1.0,-0.6635429722525781
-0.7677009721897065,0.2835835440965681,-0.10418330810795928,-1.0,-0.16814108004877304,0.48670140336664236,-0.1747620696995325
-0.23260295954591936,0.05596794065293065,0.009149006493174072,-0.47594659807486656,-0.27350766417443834,-0.08264730437187873,0.15572238244473618
-0.027694510736927802,0.03545566779487014,-1.0,0.024052832189734363,-0.17554129790688455,-0.8719090540478842,2.0287780064033916
1.0,0.7745109320924992,1.0,1.0,1.0,0.09736124881685893,-6.7937775973419035
1.0,1.0,1.0,0.2613458610730893,-0.439546314649313,-0.7117483229562304,1.825018012325161
1.0,0.9111956454904766,1.0,0.6943311850335616,-1.0,0.04980680394607662,2.73057679084558
-0.9095012979729236,-0.5569335886992094,0.4805906582654045,-0.5516494887409932,-0.9204371973005803,0.0976369501786384,-2.127459937777742
-0.44502803817186865,0.7727365419720498,-0.8191402033390206,0.48398994326958394,0.31115389657849235,0.48754980989934515,2.6729590930159035
-1.0,-0.07176872590087346,-1.0,0.057000902940150144,-0.40352177290524316,-0.22548094911228578,-1.8148736069322864
0.48420877395493345,1.0,1.0,0.5891465927973651,1.0,-0.4453951986895307,-4.8329576885896675
-0.480331979946642,0.3959626668563747,-1.0,-1.0,-0.5044546388414006,-0.4244170215500353,-1.8832707598075953
-0.2657650390133689,0.5612355526894769,1.0,0.03915847823113755,0.00819271886833084,0.4942155750790067,-0.675631292071682
0.1588735219910029,-0.3023802411385088,-0.9289179974732311,-0.622433081829192,0.5190958553098081,1.0,5.088915537170674
-1.0,-0.21153683404605106,-1.0,0.08547769415849549,0.3189734623325854,0.9599749493094364,7.782506676550589
-1.0,-1.0,-1.0,-1.0,1.0,0.5865430197545056,-6.148530512508068
-0.921078820819393,-0.3960087424741917,-0.8937765038420312,-0.04047244943865652,-0.28227672648652335,0.6019416109775562,0.8672075690771787
-0.44223631399629126,-0.15204832922242706,-0.19496092510575985,-0.9584944689859407,-0.9802091126648906,0.2355780562399411,1.1396675179816493
-1.0,-0.04012083738219552,-0.9536550386752005,-0.02132404309077618,-0.5030932272603592,-1.0,4.39743732526979
-1.0,-0.7651857575564687,-0.600195965772975,-0.8399224503153866,0.13848364592398288,0.5729259220324416,-3.1141476069627143
-1.0,-1.0,-0.07593714732629231,-1.0,-0.5074790624951088,0.0809427874468337,-1.8478366791537857
0.3289619696941918,-0.7466566699755528,-0.9923234167549242,-0.7452098887150623,-1.0,-1.0,4.873797003543194
1.0,1.0,0.4303453090798064,1.0,0.7008166735988854,0.502966297508689,-2.9438892953709894
0.20843761708273956,-0.5701662889236843,1.0,0.8047285546008807,1.0,-0.19464171636464078,-1.3214215182120355
0.3906509765510892,-0.8499909808990677,-0.5962141137076551,0.13279314360356365,-0.03735031583776616,-0.22331216104096385,-0.3316586650318894
-1.0,-0.33589003878847845,-1.0,-0.09358668573217699,-0.4573900486171101,0.1173727549835939,-2.487195759889819
-1.0,-1.0,-1.0,-0.10301109155941357,-0.048008498757021956,0.03697724522539181,-5.7007827741972905
0.537913931272106,0.8924473538280537,0.12400900198555465,0.7153312067718005,0.717530875714135,0.4024072899791087,-1.4023983132038536
0.858701913434889,-0.1808869688541644,0.2900710977089107,0.7426034334746054,0.007974071846202177,-0.17629997011005194,-0.011941468164421098
1.0,0.14590927500548911,0.030790047354754935,1.0,-1.0,-0.8825890226443315,7.806584876843972
-0.3848952184297162,-0.505440438849355,0.29499772040539207,0.25640169132442414,0.3015721807925629,0.24660115280656036,-0.2351877187670071
0.22733960497890868,-0.20686775114687367,-0.7095281166111225,0.9344589841820568,1.0,-0.26773827185712856,-1.1608836430274438
0.3771044781937817,0.5305948248224324,0.04338999680315503,1.0,-0.9556608655355663,0.32181734862330436,0.7251986614573007
0.49277306097380497,0.45968736573529356,-0.07900692269703091,-0.11502797134424214,-1.0,-1.0,3.4276738873393877
-0.16798787533033677,0.4236547919155148,1.0,0.33958891458273316,-0.5369353986744148,0.3208185815162335,-1.592136560356431
-1.0,-0.09134309764798143,-0.9801639163275921,0.6355669866114497,1.0,1.0,10.007558407302314
0.1447916751620993,0.1951804455656194,-0.1420126337423832,0.423242943833226,1.0,-0.24017310571732498,-0.8680784534286887
-0.9292044468144536,0.09780743549411652,-1.0,-0.1793825059889823,0.19919946892896145,-0.5413376130107579,0.44275589419551387
1.0,0.3112090233192777,1.0,1.0,0.7066935524588119,-0.1375927115863801,-3.130785329418891
-0.05511758572161818,0.48801540158144885,0.9652953202268963,-0.2178994812369951,1.0,0.13805412747981272,-1.5882895985140124
1.0,0.6785940560326562,1.0,-0.7262005034738929,1.0,0.4275245465219244,-3.5884601242442002
-0.8543669736028804,1.0,-0.14378513096741996,-0.2613368983659233,0.8819835014759936,0.531762654036863,5.236406280717859
-0.08279939092244112,0.2200532784956713,-0.4489406422089055,-0.047233481822407386,0.22771541742106916,0.10729999588856554,0.27235084231764306
-0.21723568292881812,-0.5706435204795073,-0.6478852989708661,-0.5115419023997472,0.6623816738993755,-0.20209208673591272,-0.37187739087725347
1.0,1.0,0.8711974886206912,1.0,0.4498781121305845,0.32120615228018723,-5.175689931707138
1.0,-0.6472764263802899,0.288551905943481,-0.3886020932685497,-0.18198501958648805,-0.2271045334155936,2.2212692268378222
0.8883810188409795,0.2829708618240381,-0.19661334813067505,1.0,-0.1892049325366616,-1.0,4.156343926667705
-0.2907977240197016,1.0,0.21990081762900932,0.8179457203364019,0.005406453252845278,0.6873633095860365,-0.0935135340394529
1.0,0.6411027568762273,0.746313006542098,1.0,-1.0,-0.34961534399790906,5.134234184422917
0.07964095068666299,-0.3750670246887849,-0.3495487696039674,-1.0,-0.6899158098266451,-0.9688722881216081,3.950105509931578
1.0,1.0,0.6407452143490839,0.4356757357637493,0.6555989418469563,0.7204321322098368,-3.9077563509673316
1.0,1.0,1.0,0.8101213801794888,0.4922842070978206,0.17193797174483416,-5.33326995036292
0.10139143683553242,-0.5863287990233019,-0.02058773873374456,-0.13249187675788898,1.0,0.2691149111808848,-0.6051848637597268
-1.0,-0.6658103043489418,0.19532906824136975,-0.8468583444203377,-1.0,-0.35103193431084223,0.8893071311347285
1.0,0.45283511037578283,0.887059720958582,1.0,1.0,0.1793245521381044,-6.320725383592051
0.15192736988498612,-1.0,-1.0,-1.0,0.2240107520370011,-1.0,2.1266214887871455
1.0,0.7568106279172468,1.0,0.606193811014316,-1.0,-0.08352485170282464,3.9928515412471555
0.155286541353151,-0.17223236336357228,0.6838813162146293,1.0,-1.0,0.276247572644684,-0.03788409201978482
0.2514627089851411,0.9578432581083387,1.0,0.8561599190386526,0.8758096819882792,0.9392490582400297,-6.1491985768292
-1.0,0.008036871724115602,-1.0,-1.0,0.5519833916748373,0.05860734515533894,-1.404808479817515
-0.26724943915289073,0.15520288451632758,1.0,-0.598177980645332,-0.12544254347869355,0.44025392561967114,-1.5940717096786943
0.18085938069070776,0.23411452849754433,0.02301285445473611,1.0,-0.9284334043268714,-0.6074306863949596,2.015295065779802
0.543561859072184,-0.25968520322644606,-0.0208231568737266,0.29141976680636883,-0.9326331768260228,-0.9116844473203815,4.161939320319057
-0.9445024343291076,-0.0824251487955534,-1.0,-0.5305263538492652,0.49986780691894417,1.0,7.96796476047065
0.129148377453552,0.4727108063047022,0.02534711964753647,-0.2008322907373402,-0.6492791586229641,-1.0,2.1552608900518244
-1.0,-0.3876334969703643,-0.799017636163896,0.7343653474347518,1.0,1.0,7.177214984359698
-0.09676230257325791,-0.736904348238838,0.2276583230820608,0.4583325039013649,1.0,0.528425361592026,1.131296380128996
-1.0,-1.0,-1.0,-1.0,-0.09719063762509561,-0.7095657880792158,-2.4655685053568233
0.19922312668359193,1.0,0.07034001835332052,0.7472134858702006,-1.0,-0.17864238296241042,1.7056736374443697
1.0,0.5660027261739247,0.35634750823027017,-0.8564026996456819,0.869720236648462,0.24573265572052727,-0.44715202496849693
0.08977826789698473,-0.31421646594900254,-1.0,0.15272240703822804,-0.21937904368375255,-0.8280802165340978,1.5432166379304997
-1.0,-0.06806225297671117,-0.26646019652906944,-0.6910555510946753,-0.3443786262721475,0.5141236155207078,-1.4985219014167643
0.029614007252654367,0.10585980622916927,0.0740390546131946,0.8649913540099678,-0.5062773527272577,-0.7468308478579201,1.3300359048412829
-0.2650902344878393,-0.7647838733628126,-0.5070974922164578,-1.0,-0.9349720806611443,-0.17531581423684495,3.2946861638316562
1.0,-0.6084305349469377,-0.17451330491150985,0.1339014407770321,-0.7156086583954179,0.6465361944913384,2.724360902243191
0.3302166035976043,-0.6065814441352957,-1.0,-0.42616938244004865,0.09072876394403062,0.6548031466131029,0.752365868071539
-1.0,0.4947690186734478,0.07886081235377151,-0.31785479805016736,0.0856071219546124,1.0,1.040817571766535
0.6881865398638609,-0.5271290766905136,-0.6102434711585325,1.0,-0.6761069155795056,-1.0,4.872446567515007
1.0,0.6632442890372132,-0.2853779104668156,-0.5326553042109371,-0.6762404167949602,0.8054619680857893,6.820219641355004
0.7058201361689294,0.6453266195716147,0.9851937192422754,1.0,0.8942782166636108,-0.31234311151139627,-4.2433056744378215
0.3350834717086629,-1.0,-0.37219465574093624,-1.0,-0.76396770146694,0.2858327350181941,3.546363014492661
-0.051901763316096555,-1.0,0.9712739301685147,-0.5326288202098526,0.38131090725870465,0.5515869836237648,-0.410796994222897
-0.998146196405848,0.016955509463425,0.19304349097199014,1.0,1.0,1.0,6.993763307833479
0.8236682379450384,1.0,0.1260803580515475,0.7499911849196496,-0.4464125331328273,1.0,3.668516637417718
-0.5928532038126632,-0.7989319604712783,0.054246474193760275,-1.0,1.0,-0.04397317043582549,2.9149922395894126
-1.0,0.036615127546439696,-0.7514720522871932,-1.0,-0.5842739854182951,1.0,3.2689731881378785
0.3572487127635618,-0.4916216776255452,0.2519756739970439,0.6921718065541517,-0.5330527622285219,-1.0,5.428429820628156
-1.0,-1.0,-0.6158691423166303,-1.0,0.8675744240356895,0.21689670824615478,-1.8620973290458676
-0.7200679380096198,1.0,-0.35469559912170606,-0.5797781364779162,0.04666768244710748,0.46940931653575735,2.589674385357043
-0.3365200423834724,-0.14953658240276613,0.6534817485001186,0.8360904259534996,-1.0,-0.07127071159606957,-0.9046936506704716
-0.7541496722652148,-0.4833286974876928,-0.4967361009785574,-0.1086093239102546,0.13298715419065052,-0.8680501673068164,2.248041774789531
-0.8200958883817845,-0.015180921590521201,-1.0,-0.5189190242449544,-0.3832496656815701,-0.49317346453623867,-0.863345645051049
0.03383970615459053,0.196506066425724,-0.29503226372993846,0.46912310079573893,1.0,1.0,4.4203094587067735
-1.0,-0.3065559614124318,-0.5406762330472741,-1.0,1.0,-0.6984598521492995,5.811993301352122
-1.0,0.6433691573467082,1.0,0.0021896615123248586,-1.0,-0.7884912675120663,-2.863483714340349
-1.0,-0.6172890350878069,0.49605045993105684,-0.7091409270679242,0.07337701286165021,-0.6394873560560285,3.40394485401927
0.7381255886815572,1.0,-0.056035540528915705,0.06595483454569673,-0.5548357005251323,0.19492622101583085,0.9804743096937214
-0.04591349571535841,-0.09555388692126265,0.28374745891063036,-1.0,-0.3253342572294378,0.5779881078191785,-0.8195683943548671
0.9211743194297266,-0.3274922211682404,0.009804347719948633,-0.21468268714707162,0.02504495795621786,1.0,1.9251871134293224
-1.0,1.0,-0.16911276800239733,0.3532574885245865,-0.3026922692828394,0.604306226615328,0.28060049185342395
0.4216839914595131,-0.8644282381679869,-1.0,-1.0,0.15744661398517956,-1.0,2.758646742309339
1.0,1.0,0.178058136155528,0.08691468815567172,-1.0,0.1327480423897196,2.5625991639927226
-1.0,0.07494405750426167,-0.37619529901085147,-0.9395259503561527,0.028351913947552636,-1.0,3.4775293855661777
0.3177627881766303,0.15295175639635428,0.1815818186912861,0.3150479434942455,0.5400560054814256,1.0,2.432008934468612
0.46927472218636523,-1.0,-0.7383673425231654,0.4836578748200224,0.7061981083965475,-0.9589875331925747,-1.7479317042987854
-0.3153575175537068,1.0,0.33762517410645265,0.9532117180111492,-0.3323428720724775,-0.2289888670773066,-0.27067503488725875
0.7686494329447916,-0.39417232655913503,-0.8842928914703198,0.49575499449147614,0.8077086492344254,-0.5897090397161107,-2.5756727963197776
-0.7106977696794179,-0.4332886847185593,-0.15258159776865704,0.09120113402407803,0.9994061389362672,1.0,4.115867712953739
0.8322627630165988,-0.3829465764447286,1.0,0.015404869698293133,1.0,0.24648518624871074,-3.7053173608979324
-1.0,-0.14392934801179647,-0.21547034360666872,-0.15027876533814055,-0.0204528505821594,-0.17616056788138293,-0.2701548857678163
-0.1897234624227473,0.6471169676155948,1.0,-1.0,-1.0,0.06233583016293001,-2.2617975712306113
-0.9253193030643969,-1.0,0.1661312508981999,-0.6387731301868455,-0.316183537074487,-0.4592089872624828,0.7630439679945047
1.0,-1.0,0.35465957794315683,0.5592893054139263,0.0682876110428301,1.0,2.783188943579997
-0.12402844378647826,0.012500953094609718,1.0,-1.0,-0.6043796166125841,-0.2714634947840938,-0.11748585115097199
0.4491058327727375,0.48896479757419364,-0.2786346448558178,1.0,-0.7159134302675578,0.09929042872507737,1.766149208093767
-0.11310115163893944,0.04920475093100235,-0.23803871293145706,0.016023500749126895,0.5338454097675174,0.37089727753260604,0.865871226321125
0.20094880806594234,0.3929347705720143,-1.0,-0.009937053693740372,0.2992411431196726,1.0,8.139520466736926
0.12133280441607819,-0.9932762654606052,-1.0,0.7731854356082664,-0.6502860918278678,-1.0,-1.0923205809157206
-0.9430847417369652,0.2054442728818005,-0.31791315297053563,1.0,0.7442378577803086,-0.5402654420788318,3.2501129447492287
-0.7684307607630998,-1.0,-0.31584560856756405,-0.21015640084728981,-0.19545969596554358,0.5496865474831684,-1.7192667410567875
-0.20836192573950188,0.08499473128402962,-0.07439190492839823,-0.5645181080535123,0.6081081943873661,1.0,3.633548288430357
-0.11218267686474243,-0.1499282616704417,1.0,0.3791129338196848,0.9012646263401466,0.3122999855700482,-1.0379940109385999
-0.3217320318407611,-0.38012154054843444,0.7572282594164221,0.4562744178549517,-0.5614241397363127,0.5764608164374853,-1.5895022104255692
-0.9173829931575961,-1.0,-1.0,0.13969851876515105,0.6133356960588313,0.8759889320456187,1.0559850341954669
-1.0,-1.0,-1.0,-1.0,0.821363453027797,-0.5633986642634214,-4.614784358205588
0.16593883037167634,0.5783487841335251,0.5013058079214026,-1.0,0.7940960974692888,1.0,4.208037294790031
1.0,1.0,-0.39019225724820317,1.0,-0.2888814716113003,0.40348523977849926,2.7237354198027868
-0.40289104028569533,-0.8784061474799925,-0.9216138827736379,-0.5858605432328672,-0.9613812959462369,-0.5986879898102304,-0.5292404983179383
-0.8003330242911806,1.0,-1.0,0.36653989699738654,-0.34891910102672763,-0.6132180666786995,3.828504705334482
-0.6895322741460143,0.6592346742201363,0.46664067360943484,1.0,-0.8012240493456879,-0.9957016494211892,1.8434077022013065
-1.0,-0.7899660797386736,-0.6314486098711763,-0.08035259089734703,-1.0,0.8190212635264273,-1.3610383657855112
-0.0194692013755422,0.7445786026000033,0.26726189665129546,0.33640340784938555,0.7167726286920928,-0.2723231921351935,0.948273278688382
0.6668464493266972,1.0,0.5747095946220958,1.0,0.41017445097049876,1.0,-1.4023452797870375
-0.488844465547174,-0.5552591729013281,-0.5646034483214133,-0.3689532549039125,0.2312291844868024,1.0,3.3594137175267975
-1.0,-1.0,-0.729133142983363,0.6589197703169274,0.5636061611036522,-0.3269253012471287,-2.7205369713109655
-0.43886919103170885,-0.5963449915287187,-0.7364556873972202,-0.00251263008174174,1.0,0.18839473102463367,0.2399231561985451
1.0,0.23408123010544246,0.063893272839745,1.0,1.0,0.07211526631430298,-1.6017166601172106
-0.12122236092869412,-0.7567885622905473,0.141976840945911,-0.5704960235891314,0.07757495303866235,1.0,1.3424550785514688
-0.0064699665332407785,0.6225648208400576,-0.8465825621723196,0.28988499012846725,0.07477571317532217,1.0,7.56949209307862
1.0,0.39084367293835187,-0.10774235853144731,1.0,-0.7754599788004053,0.26074813780070444,2.1422499017529586
0.574987181133124,0.5017071389736629,-0.6008082949462252,1.0,-0.10442288750294959,-1.0,3.0146949668147656
-1.0,0.10151712168043203,-0.8432174039847447,-1.0,0.4791872537814592,1.0,6.880860466022828
-1.0,-1.0,-1.0,-0.9046803065905316,0.21431125103959442,0.05398346204849758,-7.5291759256852595
-0.7752185846808264,1.0,1.0,-0.18733616121440136,-1.0,-1.0,-5.071474812677924
1.0,0.5535064150780808,1.0,0.7264047355963565,-0.4214429515907253,0.8236307532101003,-0.6240161207645064
-0.40001692532472544,-0.2966334915557298,-0.3186923645943982,-0.5871579538823258,0.7525723334956289,0.030629649400512493,1.3504322156018294
0.548675194295148,0.24028799843108117,0.4371187606451794,-0.6285261904376792,0.5725253419691205,-0.759838547539117,0.4904713765126591
0.8037963452751882,1.0,-0.551072841721258,-0.24500683167606135,0.9017866212110452,1.0,3.9967717269941185
-1.0,-0.15148667034360352,-1.0,0.15407326683208428,-0.5410357172088744,-0.5565578037098231,-0.9272721157641304
-1.0,-1.0,-0.8895807399530271,-0.31088937604368017,1.0,1.0,2.648612433035389
0.9918213183920117,1.0,0.8581342343487901,0.3548784126752944,-1.0,0.47294442883480553,1.4059759352024959
1.0,0.2785772525769086,0.2817342684910562,1.0,-0.627004363781883,0.06823080640051299,1.318426096589066
1.0,0.23181648570271585,0.10729570229328966,-0.5423001533974359,-0.7635107965381988,-0.26084573021527946,2.5897551599686124
0.3894295199173763,0.42429034494237117,0.11308776423348976,0.3566806648840313,0.24788116045918202,0.06739217569364286,-0.08336298401586353
1.0,0.2260637230814042,-0.2659124148619304,0.2966629818409895,-0.024117192218967687,0.30576672959004925,-0.3630387405026674
-0.06774017272364101,0.3030632508198527,-0.19451522099523555,1.0,0.6321012907809973,-0.07049360709708935,-0.15070584672765486
-1.0,0.13287214969437,1.0,0.9167638450051395,0.7064817850551521,0.036134877468039894,-2.1592211299894006
0.013158886530227898,-0.9520198665668996,1.0,0.9373172598812082,0.5569909474872414,1.0,0.6700069909554944
1.0,1.0,0.7976002004932969,0.6457285890251332,-1.0,-1.0,7.463216035563866
-0.12734978377380024,0.022814481524175867,-1.0,-0.8981745492480064,-0.3330064313801655,0.9176156627262149,5.4572708784016415
0.10522877202818814,-1.0,-0.12682630002810336,-0.028977483141777727,0.8619471778962268,1.0,1.7966320268181062
0.7105247937258772,-0.4489366509584025,1.0,0.1656805636779372,1.0,0.9082874962367345,-5.309622009493148
-0.05299425882295747,-0.8815462932873879,-0.6463069858391539,-0.7001790690350047,-0.6400013668416581,-0.11711798375928839,0.17058056584427952
1.0,1.0,1.0,1.0,0.8144470034989288,0.14711545909297824,-7.667335757237493
0.8366349397801895,1.0,0.756314192917225,0.11933356810556894,-0.07522060425974819,-0.6881378567648491,0.8949399241457723
0.2539368663689172,0.05613824309843585,0.7602601468871899,0.364929649891675,0.554537802043283,-0.5035932932635101,0.690875938787906
-0.20574478168993654,-0.2608590333789289,-0.04369233457319356,0.6723910889745295,-1.0,0.6512478238627284,1.3388743187550638
-1.0,-0.11848600355817207,0.16001870389904993,-0.57155314116769,-0.31783422407051887,-0.3718582938893229,-0.22219057905609918
-1.0,-1.0,-1.0,-0.704816764944687,-0.9903212005296456,-0.8640626560745082,2.468750060250263
0.05231488241805771,0.6891317546310356,0.849082414399879,1.0,-1.0,0.20594783076041068,-1.8916934771315532
-1.0,0.3873336338105101,-0.5079255392441433,-1.0,-0.6586882498279544,-1.0,0.15739838877237233
-0.6169805467975216,-0.082227920816202,-1.0,-0.4918832662222531,1.0,1.0,8.454033920630478
-1.0,-0.7327345580539191,-1.0,-1.0,-1.0,-0.39075371237515655,-1.0668382069311293
0.6290491207998913,-0.72655868413253,0.6478841943679632,1.0,0.39735287720338885,-0.7290127989340652,1.1794219160418091
-0.3289683489879903,0.2300811630142502,-0.05767675259079075,-0.4360927627661162,-0.32510061630922776,-0.14841447345779074,-0.3693365749440809
1.0,0.5478339788305819,0.19664008390930032,1.0,0.1343084534752057,0.7837778158236758,0.9107009649052056
-1.0,-0.5689055214394372,-0.32490066030736775,-1.0,-0.868516925025361,-1.0,2.8434479212823702
-0.09164184970506117,0.29576445679930025,1.0,-1.0,-0.6273453017369732,0.34666123125648324,-0.21299076244435966
0.4180462131294028,-0.7751559286667407,1.0,-1.0,0.5165130697328114,0.09364930405054417,-1.0311886450529482
1.0,-0.06206194694518802,-1.0,-0.3825071020337263,-1.0,-1.0,6.421797718848303
-1.0,-0.44963847996901074,0.1775351029359733,-1.0,0.9868274320610899,0.5396090436716884,2.9945552493369894
0.31651765873758353,1.0,0.3945240416485807,-1.0,0.033120264529453824,0.5647670038179631,-0.16085992897908707
0.23985967079518547,-0.30419591914413785,-0.3627260785149166,0.7307102120622062,0.9224670042650702,0.3386153794008715,0.4252005913205958
-0.4801894332615917,-1.0,0.025295280675172893,-0.3170906348770739,0.38986513343559426,-0.394645903872238,1.1537162493212554
0.17046064715469078,1.0,1.0,0.8338603206743123,-0.6215163850027008,-0.3774066264089724,-1.2411461906414913
1.0,-0.12078366929417439,0.6836557668217336,-0.5145221145016826,-0.3155592421016786,-1.0,6.313550661023086
-0.5520254798817467,-1.0,-1.0,-1.0,-0.163391314007722,0.15068663694603546,-4.8675297215744004
-0.7786554090730154,0.8765398980559629,0.3140611230880327,0.3473556805146544,-0.4705062215055178,-0.7491490920018757,-0.19847139439711728
-1.0,-1.0,-1.0,-0.5836970569701982,-0.030869806182040188,0.47760712828840385,-5.101260291835036
-0.6026196600446261,-0.02262935794591292,-0.4657313222897018,0.4034956879163497,-0.7692673906710381,-1.0,1.431920520225634
0.7068794020280067,-0.05928216249059476,-0.25467977506285916,0.583559085094421,-0.3161572324877526,-0.903856877748971,2.5239959903841744
-0.3715891235843822,1.0,0.28487037658490877,0.5676541281406816,1.0,0.22733957413705053,0.7596806840904131
-0.08466200644823574,-0.2804138321949894,-0.6516277234964363,-0.3463615175734408,-1.0,-1.0,1.3899035631835102
0.05425540143825469,-0.38514355223536634,-0.03409581393517075,-1.0,-0.8297221787643083,-0.09170069547757786,2.089160023689153
1.0,1.0,0.15593044409242474,0.4157531646531407,-1.0,0.04323731673153938,2.2246654932338736
1.0,0.36344433416235283,-0.03796814759967482,-0.6751477192430175,-0.42127728551351357,-0.2680086151796629,0.973557501129503
0.7552991987796869,0.019730022247123336,0.07590416867957389,0.13175181177162013,1.0,0.7850077633512,-0.18153926590842107
-0.8324358664067846,-0.5284529112819796,-1.0,0.741828001836926,-0.15001368892325967,0.8516941585718308,3.0317961350651617
-0.9149613070052727,-1.0,-0.6355293935298636,-0.2398465090484967,0.3284542439911715,1.0,1.881291446859146
1.0,0.02244763860237997,0.9016565163146366,0.6498612469813669,-0.16247500742219512,0.4999912409059325,-0.7308216788427064
0.31081739037418854,-0.49886477090671927,-0.5095763420137649,-0.4116722505019802,-0.33769487818351096,0.22182922085738935,0.21316866525292366
-0.26227802204971284,-0.37528948243580534,0.9039509982136242,-0.028150022006503544,-0.6194027743952293,-0.07666898235899383,-1.5896626444345312
-0.726641428931615,-1.0,-0.338306400720895,0.12825981989210483,-0.36493095973195894,0.5361217581059907,-2.3922994240465463
0.6131734964986584,1.0,1.0,0.6660079161823096,-0.22584728209937244,-0.511268965069581,-0.7022672522872945
0.43773506500349657,0.5500359190632631,-0.09372333722086716,0.47260827005553707,0.43662641376961014,-0.5274791052104889,0.07518254657727011
0.1142186466477969,0.7644017850388372,-1.0,-0.8898914258600247,-0.1261549600998566,-0.3076943102895384,-0.7780631697428216
-0.09215435305969477,-1.0,-1.0,-0.1659916003283608,-0.7643408978466887,-1.0,1.2921032735245375
1.0,0.34095302713744946,1.0,0.8758282407876721,-0.29293363367339786,0.8364072125381754,-1.0698317151777303
0.7416981423896902,-0.3990747743620826,0.4531041003142292,0.6093559568611525,1.0,-1.0,-0.4622190385908179
1.0,0.9822223377871933,0.3829256985935092,0.43110776983515753,-1.0,0.19558933097310816,2.108774376088977
-1.0,-0.2215332176636955,-1.0,-1.0,-0.08257468671654089,0.16299940723070422,-3.441139555980782
-0.1438172375671921,1.0,-0.08181051896302594,1.0,0.09295245593362234,-0.71436394152122,0.6270655948064771
-0.2939047076095076,-1.0,-0.871088935453697,-1.0,-1.0,-0.32621449803201097,2.770857481657492
-0.7706402067113016,-1.0,0.9600865231830981,-0.16329829853002295,0.8863283994632323,-0.44314030365217505,5.31164033917856
0.6292806165223663,1.0,0.22468715349048862,1.0,0.6562293266840199,-1.0,1.5466551429696032
-0.6349595752963164,-0.7267211597567468,-1.0,-0.3098887652743416,1.0,0.6832053949405654,0.10196461972687032
-0.4303001856017379,-0.38235338050300494,-0.7157637769415623,0.006654941432251815,0.5669162508245471,-1.0,3.432675272666755
-1.0,-0.7295251198543087,0.2800664947434198,-1.0,0.41158651968038595,1.0,-1.6768626621649598
1.0,-0.15360097695325825,0.9256615393778198,0.10863005799321934,0.4296270932643541,1.0,-2.845583738299678
0.7041886406408842,1.0,-0.3638677495853012,0.0204976329487625,-1.0,-1.0,4.117536935753218
0.9580564338834408,0.19093708743463023,0.40708967080914416,1.0,0.39406514355397704,-0.829925449410022,2.241771452510569
0.27091566259870703,0.6707813073638629,0.8120549087425329,-1.0,0.2666839784391424,-0.2724975860032661,-0.8514532154569688
0.12292265080151332,-0.652656047775068,1.0,1.0,0.2589133129972598,-0.871747353218977,-0.2088852137788464
0.9022982567662081,1.0,1.0,0.9461328068541961,-1.0,-0.3826214999429878,4.080832574482445
1.0,1.0,-0.9463358558483737,0.7891948451640292,-1.0,0.6423168799681538,8.348097341585165
-0.3699980330036722,-0.6636330725253123,-1.0,1.0,-1.0,-0.7064413347164578,-2.8776764358484126
-1.0,-0.022901582724142888,-0.21327435521765836,-1.0,-0.014218508644756711,-0.9553373924635669,0.9027283606172767
1.0,0.3020775462004417,0.5852338606784249,0.905085137661565,1.0,-0.09079973346635128,-3.261466775734271
-0.14467763329553296,-0.013215333300618276,-0.15466559652658063,-1.0,0.3833588734776111,-0.14491246829866233,-0.17590618476775743
-0.950565283553685,-1.0,-0.7477763428671667,0.03709569964087728,-0.9303663333079137,-1.0,-0.779456453095083
-0.963339905975481,-1.0,-0.35853613119964856,-0.8995582400124138,-0.505841942543423,1.0,-1.9409139631291166
1.0,0.4139834499276638,-0.7469941449639967,0.6069698491903275,-0.801231622459244,0.054283371474244335,4.078488296156296
0.4335008759579815,-0.0965675679685847,0.13114616834234313,0.6280548662930918,-0.6726641744817489,-0.03711147126523584,0.753859568040285
0.820761000237678,0.5615213560044663,1.0,1.0,0.74646448198398,1.0,-6.273570495681966
-0.021717987135549368,0.1995135545439422,0.12269181220914271,-0.7651092508946935,-0.07759252437610265,0.11117599720138749,-0.1603086467951705
0.7145920687266621,0.32867055845601834,0.06548743078662728,-0.6555567663785224,0.8844609164863415,0.784807660517963,1.0099687552826082
0.6186787068155948,0.46931304812087515,1.0,1.0,-0.06005656872796472,0.14735809070966632,-1.683483666302807
0.5842415886245604,0.8236478062888184,-0.02488073929846213,0.3858711343349617,-0.7635230292153992,-0.17044096191142388,0.9112929554295904
0.6478569888650254,-1.0,1.0,1.0,-0.4842530024118028,-0.9689225378549396,6.581297616880168
1.0,1.0,1.0,-0.015746476009253607,1.0,-0.2524749436989139,-4.483053163587751
-0.8452271022395771,1.0,1.0,1.0,1.0,0.10600890768189242,-8.827248752161783
0.1718439185284415,0.4204616830177552,0.895221307087182,1.0,1.0,1.0,-0.710350455820366
-1.0,-1.0,-0.06502246799377698,-0.06800726893463649,-0.7462418744551108,-0.17160972359226517,-1.272132881081208
1.0,0.8860395008472788,-0.9861464428557998,-0.47299519633691867,-0.9010649877699091,-0.24253940741491786,5.102712802088807
-1.0,0.8644596523298047,0.21283687335591361,-0.007160096718817011,-1.0,-1.0,-3.460408552050218
0.292845234857952,-0.145544156399106,0.746886196665395,1.0,1.0,1.0,1.3525421536803184
1.0,-0.5989827175381565,1.0,1.0,0.2814982343456711,0.914498303622496,-2.359468514559041
0.9697442319220448,0.4012200679146097,1.0,-0.1953281915812216,0.5373320580042582,0.6031715664644317,-3.3201282273102324
-1.0,-1.0,-0.27557840681922807,-1.0,0.03185995698508082,-0.49159242480456394,1.3155363245407237
1.0,1.0,-0.0007527954003885284,1.0,-1.0,-0.11844519931763031,5.903314354107797
-0.11707540349565071,1.0,-0.857325847106237,1.0,-0.5761797536436541,-0.5045456460257429,3.54300828971753
-0.5581699435630401,-1.0,-1.0,-0.3032992556819829,0.43689475733614747,-1.0,4.026988090360181
1.0,0.12338037677112967,0.42767718425533396,1.0,1.0,-0.07555633869881972,-2.293511243677428
0.23498673891581645,0.993949380391813,1.0,1.0,1.0,0.6686799369197026,-8.407452293655236
-0.5839381570644702,-0.9427685083312878,-0.6979970224438907,0.06999019802230322,-0.7566547858184628,0.8778038373290865,-0.8790855588193653
0.8806396201963952,0.3765032211465631,0.15800701233465558,0.8068797552972282,0.8883381615807797,0.32699299363233436,-2.8646564280812004
0.384916762948837,-0.3088357386030036,-1.0,-0.21102469254203382,-0.4051715198014957,0.6754118581755861,2.8697444027743924
-1.0,-1.0,-0.48061961926959434,-1.0,-1.0,-0.07453222283809713,1.4840049787147467
0.9010654497962973,0.07166687461786336,0.6636278158355828,0.17832965103471166,-0.45269233323446834,-0.5529326258144631,3.3464669997456435
-0.30593361758590776,-0.3189797878128078,-0.9727518980856176,-0.04542577225072164,0.7264494420019275,1.0,7.28208776826217
0.895337565045188,0.007642268836424382,1.0,0.6149151305689982,-0.44887189098382496,-1.0,5.0901981941930075
-1.0,-0.9751401923794362,-1.0,0.7634414489036357,1.0,-0.41874691644113216,-5.348548673279762
-0.2556310388496452,0.9592817944363141,-0.07498033251685854,0.3609806854355929,0.8960663662601327,1.0,6.903681580844064
0.0982794340191791,0.9247974343592593,-0.8204106282893138,0.39985735375464826,0.9492344504019843,0.7400463559218022,4.885242330351589
-1.0,0.7753716328714897,-0.38551130255318306,-0.18308555558918105,0.05913990723744056,-1.0,4.075184958692033
0.40161462010857407,-0.2719654910560668,-1.0,-1.0,-1.0,-0.5023951873251291,2.3882110368668683
0.038283267611164296,0.1664395444415679,0.9842304104950778,0.4903251395119749,-0.2545061735846244,-1.0,1.7035051614384034
-0.019669600544536064,1.0,-0.4478493357933502,0.010830773040546915,0.8949015234309234,-0.8744136139516423,1.9038135786655932
1.0,0.16928087319999652,-0.27630556141033247,0.25430479797518035,0.13005332921329726,0.6150534675188393,0.9300158333423676
0.09425857519526448,0.7502230656623163,1.0,1.0,0.39822507717271644,-0.5335489573378464,-2.9773790945477208
-0.41995830640083676,0.519884010266551,1.0,-0.7161254180082901,-0.7823333355152411,1.0,-1.0928682106762173
-0.5969859771205219,-1.0,-0.19889461759776766,-1.0,-1.0,-0.704670959794166,5.084560848989357
0.4314079546134678,-0.702777933853272,1.0,0.8115574008863785,-1.0,-1.0,4.258980319095143
0.7360572141374647,-0.9198109463123771,-0.26688002070311456,-1.0,0.17043031622644242,-0.0017332241852423547,-0.441046176652977
0.333553574308439,-0.724767253060812,1.0,1.0,-1.0,-0.24127753920716133,1.9782445727360727
1.0,-0.7096508138725249,-0.9425315903983386,-1.0,-0.04971747375044222,-1.0,4.663808400185642
-0.9983487541265296,-1.0,0.4287955384906956,-0.18562832759476738,-0.3249881417135754,0.8689746939614482,-2.7276716900308045
0.5045238079740713,0.4525071275118426,-1.0,-0.5247332373600908,1.0,1.0,3.840959888675045
0.06945344025264599,1.0,0.6803249577340968,0.0037861212989684923,-0.7029216203710436,-1.0,-0.5921402522758935
-1.0,0.7919668078347205,-1.0,-1.0,0.17578163664598845,1.0,9.664753776529706
-0.9576619787027465,-1.0,-0.7690963338866739,-0.2452639951977582,-1.0,-1.0,0.6226194231658366
0.10966893446944903,0.16296058766088126,0.4019965605705501,0.6679543451857526,0.0712958040255533,0.14720143794986706,0.3222971520086527
1.0,0.039504781848951565,1.0,0.6259001643874751,1.0,0.15973447059922327,-4.606554537730979
0.9323493582549297,-0.7292248097402196,0.752057775278504,-1.0,0.8455518763904694,0.6900656889311498,-5.540342371409351
-1.0,-1.0,-0.6572653115044155,-1.0,-0.7711638243790042,-1.0,3.4332604733462246
-1.0,-0.6342255180871386,0.8138906850520273,-1.0,1.0,1.0,-1.1313553777004297
-1.0,-1.0,-1.0,-0.18949061922060073,-0.8552385889412464,-1.0,0.9300110159278654
0.1286655615993792,-0.2109772912637531,-0.8158213280750866,-1.0,-0.8479837827566483,-0.8064132875758814,1.6506135301532907
-0.5463031105088939,-1.0,-0.20319982427481786,-1.0,0.35682907606153247,-0.5872295518090564,1.9794338521451267
0.7818634080536943,1.0,0.46307761874148146,-1.0,0.9592523604635121,0.711568456051213,3.232607125264389
1.0,-0.2698437743879169,-0.9188602650945314,-0.9724726599235984,1.0,0.26091112430841606,-3.7126250982191182
1.0,1.0,0.4622976590114145,0.7586052723511265,0.3206868979592238,0.33500604566120096,-1.4002309363708898
-0.15678650968794106,-1.0,-1.0,-1.0,-0.005734277138561117,-0.629538863304256,-1.9082358857550332
-0.5452892736813401,-0.031003219939808774,0.8295226891418769,0.8928278890720966,-0.3727993047779106,-0.7753884450904454,0.03657548128121124
-1.0,-0.06508977532229404,-0.055092385491481766,-1.0,-0.9575272539759193,-1.0,-0.5776535779470314
0.12501558004921293,-0.7517230705778426,0.20645681870084664,-0.6552143271665565,-0.8260916737737003,-0.2521509485804986,2.8239583943793853
-0.48726183500311554,-0.23747875519476747,0.5507805763464799,1.0,0.32983978104567957,1.0,1.4444628966673136
-0.7094000061286883,-0.09307789346466955,-0.061885969234040154,0.6139939768498892,0.3511237489949839,-1.0,3.711453773014564
0.24963082451205088,-1.0,-1.0,-1.0,0.3903814323879689,-0.4288755965590877,-3.402888445039355
0.8871567738639087,-0.21893567863253285,-0.5814406365952496,0.2390574848211499,0.8836857735686192,1.0,0.9155536151776975
-0.07805310129288068,-1.0,-1.0,-0.6869495333889128,0.7504795866162202,1.0,0.9038136923440527
-0.5105667834787628,-0.7011203658332119,-0.9725379762650401,-1.0,1.0,1.0,2.669858509986752
-0.5398499969873188,0.7052404814551849,-0.9412541291642718,-0.7370549348846345,0.016333195449667492,-0.49671044580946905,-0.5694231733053479
-0.428328138639537,0.03473460403443929,0.5327320206028221,0.09258535952151048,0.30890298403897476,0.9757008381425276,1.0254448482740322
-0.9451523914011659,-1.0,-1.0,-0.7413168295377834,0.43441966635353346,0.2845916723051896,-5.8893876668152805
-0.5570096631071934,-0.4824296268288678,-1.0,0.15825809078070063,-0.49801031853696287,-0.8087982087177226,0.6058957145087014
1.0,0.4350240724108483,0.35473140289493965,1.0,0.6321857785877117,0.6307755651655733,-2.322880003027344
0.7847137172130225,0.1639179304825754,-0.03574405936104125,-0.007557876768324201,-0.7177294506204472,-1.0,5.23885661593167
0.7023918729476883,-0.4814122196839284,-0.04832911237982784,0.3181465413050752,-0.5575206864549795,-1.0,4.859641070637071
-0.99655297708559,-1.0,-0.859024374864085,-0.8528434171293042,-0.8997050137338767,-1.0,2.9626198020139434
-1.0,-1.0,-0.29033216693220454,-0.5486987872740231,-1.0,-0.1302304607551923,-1.1341194023112116
0.6857381020594439,-0.7769016030932789,0.9111742062187758,-0.33279237966252384,1.0,0.17634118035401114,-2.598387775643772
0.8516061909222694,0.445285633921513,1.0,1.0,-1.0,-1.0,7.317244836487868
1.0,0.3837196431129595,0.14461681277471805,1.0,0.2635808045177645,0.3131663217721017,-1.3113538810141983
0.8106285934871066,0.813197256660823,1.0,-0.587399738719192,-1.0,-0.4673277110082179,2.4219721840770703
0.07232171792306519,1.0,0.22864932916455424,0.9435792675386258,0.12968166771924755,1.0,0.5568612150810759
0.47084380092145606,0.5389733580216616,0.10297402512964404,0.1770777197508414,-0.030855979781702625,-1.0,2.296845188567805
0.751930481578876,-0.43948031361733864,-1.0,0.14376167952642416,-0.27277569179378536,-1.0,3.9297685996188982
0.13048222631209955,-0.3791069540793918,1.0,0.10505778751264844,0.1475347214986826,-0.10686433607049695,-0.1715704445448324
0.6409295502097316,0.35311364936782774,0.8021764413254924,1.0,0.6254311308396558,-1.0,0.4063125041068094
0.39878408261350917,1.0,0.8485692407426115,0.04500377469707728,1.0,0.9101533567920341,-1.2145609709044902
-0.6011671522381117,-1.0,-0.822373014434986,-0.22971180241803646,-0.12727982192039777,1.0,1.551552243614411
-0.529756797075157,-0.31502334114709085,-0.45749875787697647,-0.8479019394958214,-0.7758325142959475,0.8752995534966049,1.857660118835406
1.0,1.0,1.0,1.0,1.0,0.177901315979627,-8.0665402023672
0.09372680899873263,-1.0,0.49697676134009106,-0.20943432213119884,-0.7937097621895796,0.5411487335862712,2.4918517807536866
-1.0,-1.0,-0.7849423080958391,-0.07893003267208942,0.7118075354044078,0.5353909598074694,-1.7876775039639947
-0.4994632705856432,-1.0,-0.4281358031938779,-1.0,0.10586843560444759,0.9212577555939265,-2.0341200769981307
-1.0,-0.5369171955477707,-0.8497014813552308,-1.0,-0.035499981806410785,0.43300416112412043,-2.191265515335011
-1.0,-1.0,0.157991070752228,-0.32121080332432717,-1.0,0.08389955749887745,-0.33263433512994334
0.12464438815010079,0.4457869069015733,0.4918267934010094,0.7405733351365386,-0.5325986279527057,-0.053216471142793376,-0.2694941776906986
0.7552607498721591,0.440880015626095,0.3965739393167946,-1.0,-0.3461950125787781,-0.42815017558911495,1.493249147400192
0.7502971893576904,0.10620243868902746,1.0,0.5591159422773615,0.940997328746288,0.9350954200236054,-3.6526610199854743
0.18192661468530347,-1.0,1.0,-0.16399898534370444,-0.2915822255231897,-1.0,7.702644143895108
-0.6949470907807477,0.1995515172738367,0.15933804357823733,-0.8177913872846783,0.3439896503544193,0.46068665266089115,1.4207175120004605
-0.6585164435976042,-1.0,-0.2559445608778077,-0.5574148425478889,-0.4720973490828424,-0.3824505237282432,0.47868822334789485
-1.0,-0.1996607616315158,-1.0,-1.0,-0.88161529335798,-1.0,2.76624434385024
1.0,1.0,0.5520195083648762,1.0,-1.0,0.3248558003739105,3.9967181146183455
-0.48913953363499507,-0.018032029846063446,-1.0,-0.9548675647906388,1.0,0.3505955823122229,1.8124847977067027
-0.8360623487886123,-0.9553084339410751,-0.9029041455914859,-0.09687540953068852,-0.7145354007036074,-0.7963531053409894,-0.3221465789273392
-0.24482274615590072,-0.18360328245368934,-0.27122774476674677,1.0,0.676380612341807,1.0,5.224426579388916
1.0,0.09653647101485663,1.0,0.7279150137485104,-1.0,-0.0017498339165717205,4.912193710138629
1.0,0.8076099846626785,-0.19376948656530496,-0.5609261151759789,0.4643138889971752,0.9523666197470078,2.9373738759430648
-1.0,-1.0,-0.7572105000654001,0.6408514674888999,0.3707624516128696,-0.1777475219911696,-3.764873244839744
-1.0,-0.6729151077456953,-1.0,-1.0,-1.0,-1.0,3.937891042406742
-0.33450050063394254,-0.4425008769141667,0.2903646946303764,0.4685066096262631,-0.4679213456280664,-1.0,2.8798048285918916
-0.49025398759516725,-1.0,-1.0,-0.3060551928396806,1.0,0.22422276369926955,-4.449268382379359
-0.5555157225006626,-1.0,-1.0,-0.26535635982856864,-1.0,-0.22908942056770187,-2.806246681624356
-0.18468008403238212,0.4842199946985008,-0.029331944301003388,-0.6689961806414808,-1.0,-0.569377514007688,0.25994664805514955
-1.0,0.18395897764834324,0.2774218137704494,-1.0,-1.0,-0.44578975348480465,-0.7579886594429143
-0.7792246045447004,-1.0,-1.0,-0.06437290464426892,-1.0,-1.0,-1.291612018242899
-0.9617279868683438,0.5380240719381838,1.0,0.12428383664141673,0.29122581383284957,0.6516681667933724,-1.1662942382841555
-1.0,-0.04767272409497092,-1.0,-0.7534673850859737,0.36154430486056766,-1.0,6.129478064611736
-1.0,-1.0,-1.0,-0.2514332358017417,0.6466189181956854,-0.5854346401723448,-1.1079308922073907
1.0,1.0,0.3310712481824176,0.25296822443676625,0.23224139790624265,-0.3615399242483158,-0.6094671996846648
-0.9110309599173891,-1.0,0.09111236349587581,-0.367762799663684,-0.354663385172711,-1.0,3.796163999508038
-0.03136858367991602,-0.8701088242927034,0.02749332706680785,-0.6395571766442081,0.5725971417422095,1.0,1.6306012028743906
0.5320484478000644,-0.7134968367813982,-0.2737598884366137,-0.33897094155898877,-1.0,-1.0,5.520151759296564
1.0,0.6408648749803376,1.0,0.2632598247016101,-0.7007512966133481,-1.0,6.114442500470398
0.3304573202647718,-0.01998274529115568,-0.9279423741831876,-1.0,1.0,0.10908101920490376,-0.6368355214535873
-1.0,-0.09778936843510583,0.242597663602502,-0.7627438839695153,0.16713871998030994,0.863205337914843,-0.41388835858561457
0.5791985211698324,0.2752217477852933,-0.12039324058772294,0.20223515772895417,-0.2346533030219034,-0.08213907180104556,1.4857946741053292
0.6626822920129662,0.35143373722555227,0.8258062920886258,0.8268929956438397,-0.16944310839621846,-1.0,4.285688836117382
-0.20861453923927986,-0.00046719998976874066,-0.8776083001098789,-1.0,-0.9000245596167946,0.6736284971093028,2.692088443669766
-1.0,-0.7546847703988802,-0.17149622524843244,0.2921955405395206,-0.9567677607317384,0.17630646585801246,-2.798427964339037
0.41022830458981996,0.39208400596909404,1.0,-0.5123038856641503,-0.5319987455883971,1.0,0.1072828553722058
0.9976727213487453,0.38594767610381536,-0.2673173832897548,0.3945940442128354,-0.002556356546496441,0.1934590582558617,-0.26708045889442955
-0.04612382277585196,0.46092588357665726,1.0,1.0,0.531150343506326,-0.6862028930193905,-0.34820446187517023
-0.2942012697621127,-0.23364625380115261,0.4369520220960944,1.0,-0.7742610518007365,-1.0,2.5325354035400767
-1.0,-1.0,0.015970105276872204,-1.0,0.29659456415820645,-0.8148643835874496,3.9649941558804596
0.8502804062726887,0.6364961816515042,-1.0,-0.9393508957426113,0.3745707964750282,0.10631730665895976,-0.018970360617523885
-0.7291786349867277,-0.4820105193447479,-0.5675063384759669,-1.0,-1.0,-1.0,3.7125450135202414
1.0,-1.0,-0.0033136931735538167,0.9832748978830357,1.0,-1.0,-1.7785623030108755
0.9492502458028379,-0.38859975075464726,0.03628849613402066,0.2689821855791107,-0.9960866965801,0.893320987615589,5.304676161101556
0.5737276566170482,0.6328725873889464,0.667089590240665,0.14440714190212156,1.0,-0.1313898909364125,-2.0306801545268254
-0.44997538410945037,-0.10825904059766422,-0.40407939405161286,-1.0,0.03228887519502832,-0.3682659103257643,-0.2204828370262902
1.0,1.0,0.46716595843197206,0.3833817910281493,-0.044148968471244165,0.48317755587995725,-1.2051404955410965
0.3635913586912882,1.0,0.5482348670472625,0.6472530030279817,0.42260124090351736,0.8918627189107021,-0.6224484446325633
-1.0,1.0,0.07414829947275026,0.3981942283649026,-0.37492595466109213,-1.0,1.1146262101997795
-1.0,-1.0,-0.49553140941501206,-0.7129124784337704,-1.0,-0.5161982971720793,0.6580487404283555
0.49316553809012253,1.0,0.05977678696162547,1.0,1.0,-0.16658919000022313,-1.6288333254613017
-1.0,-1.0,-0.04211090830483588,-0.7093904698090159,-0.2873563106172974,-0.7422899802934668,2.020596399643839
-0.13733603038442166,0.1916803930191528,0.7872430334152852,0.11486687906796256,1.0,0.3224198867775991,-0.7445735718756152
-0.10127739401653436,1.0,-0.6877725662436691,0.7512909823759575,-1.0,-0.07285741094401832,1.7779916229553252
0.6327714687408957,-0.04663798178727818,0.44848953158190147,0.7129952477884175,-1.0,-0.9582820147758373,5.539628276617731
0.4873257064387361,0.6497337286969569,-0.1919043386442558,0.260640802545726,-0.246939519064741,1.0,3.7160401481457965
0.874104253481971,1.0,1.0,0.8350563344428903,-0.28911917651454233,-0.4030627394631374,1.305477860388812
-1.0,-0.5815426075019694,-0.5734056372681369,0.07109280266645812,0.4262166028489871,-1.0,4.891058999466736
-0.5549016699957707,0.22972076576273448,-0.12698479674114949,0.5041669382580907,-1.0,-1.0,0.2881761819306249
-0.021282648663472736,-1.0,-1.0,-1.0,0.6102615259938967,0.4128604619186482,-4.432651048538802
-1.0,0.11363244464766681,-1.0,-0.27839613875803937,-1.0,-1.0,0.7476610954912392
1.0,-0.22106744970324466,0.048966593372927,1.0,0.691565241248872,-0.9623566760203192,0.7294277599016938
0.8943623532655735,0.3495058449577608,1.0,0.7116358626440142,-0.3656714390393023,-0.9715253623132449,6.030267699394105
0.03595490738271073,-0.4179367968624951,-0.4936370038161211,0.023711927802098298,-0.7718180707760867,-0.4507254083494985,-0.47407352630904653
-0.6932205531193352,-0.36800180837768226,-1.0,-0.44578114956826387,-1.0,-0.29777875374044394,-2.321998880960339
0.08035273468619453,-0.3823162036136184,0.1563121698854844,-0.15323375528431127,-1.0,-0.46315499370332325,1.5812286067986634
0.2196920592590781,0.06633943037542797,0.6371817379075854,0.5153583005179314,-0.5439980978908008,-0.23999376479978118,0.10504654233742355
-0.403071545720491,-0.5090148699675396,0.3511036900572124,0.16327116297930672,1.0,-0.2224551260528489,1.553326186638424
-0.89548938089329,0.8186145765372909,-0.6266841858690329,-0.6345816689465039,0.9327573891854193,0.15999308727506534,4.038090446225398
-0.009723830371466347,1.0,0.6049982453046439,1.0,-0.32668303855837716,0.9647391729369394,-2.442324727029846
-0.5770645710997624,-0.7688064965717356,-1.0,-0.06979662661585628,1.0,-0.7702774629865021,0.22815964509019793
0.11067465237865542,1.0,0.7119199559436667,1.0,-0.004784032503623595,-0.06156108527730941,-1.6855712774368776
0.4312057650073606,0.388627387026907,0.400108060992747,1.0,0.7743779728432549,1.0,2.673031614709443
0.5572968132329752,-0.7004996532980762,1.0,1.0,-0.6761163882884178,-0.47071484339935254,2.8392141233860735
0.4757981560878872,-0.5077560102166503,1.0,0.06412243389332642,-1.0,0.6959221400631641,0.943250301340392
0.8107894988260138,-1.0,-0.9242657198221679,0.03424831965182898,0.5535286809499609,-0.38019397254444753,-2.595695463314158
-0.6260938607920601,-0.376080117462944,-1.0,-1.0,-0.5085163926061702,-0.6272706758513368,0.9495433392544879
-0.772309937399471,-0.32984476822132003,-0.9375975310574179,0.32830896954896494,0.2877870498802907,-0.6651224863639615,1.4115685963825966
0.1752731362248524,0.49253367404012505,-0.962318797845873,-0.8298672783186436,-0.5979679852185515,1.0,7.1616529168244245
0.8507241522662147,-0.199358528936187,-0.6335444508100225,-0.9826125991515866,-1.0,-1.0,6.565971753876486
-0.899871704543913,0.4026917405863985,-0.4801415400495401,-0.6911864093600445,1.0,0.572888487829619,5.108801014861686
-0.8079853323047352,-1.0,-0.23870365852449515,-0.24189593538273746,1.0,0.14066903428146316,1.5227704903963963
-0.6603240230224348,-0.05273522670164382,-1.0,-0.6007126702602471,0.49955672149542396,1.0,8.106459026917141
-1.0,-0.006748894977378628,-1.0,-0.7025989897978855,0.6336975358921505,0.5754615537230947,0.883373246874561
-1.0,-1.0,-0.08907883100616099,-0.16131540894838814,-1.0,-0.02304811105249538,-1.7850485523857462
0.5283454710169949,-0.9348859528032143,0.40422473102394585,0.41368222912477226,-0.5161091189046736,-1.0,6.271135216254791
0.2530273145952382,0.33092074646396674,-0.859163848158285,0.14944172093848374,-0.12560999918989646,0.3763370901689229,0.9039958912413808
0.5225584886282306,0.28591689804943454,0.6557670191261241,0.01569888763534244,-0.9800768641606832,-0.37490152597882687,2.5184483352400537
-0.145004611261361,-0.027905596258422927,-1.0,-1.0,0.1958492737122531,0.6509814398663727,2.279384372196895
0.162654645648302,0.5434681679560003,0.3732678520642658,0.9551000237649683,-0.753518369265986,-0.5721662736329253,1.9394552313768467
1.0,1.0,0.23853566086747202,0.37442163028280806,-1.0,-0.23365955907500724,3.8239942616632425
1.0,0.5684494006707415,1.0,0.05746428239987278,-1.0,0.7841101261000647,2.5436218061580114
0.6944590077242871,0.20996284213098865,0.667553534489739,1.0,-0.05466119947406002,0.9769030409301965,0.394191877193086
-0.10228571898640137,0.4925658173911994,-0.2567188432191626,0.005537183749913965,-1.0,-1.0,-0.929330703896799
1.0,0.5125287701729411,0.6457651179466593,1.0,-0.34211313971514307,-1.0,6.858247929422091
-0.9253310187261385,-0.7051714847772457,-0.2832735804811175,-1.0,0.02442478994142494,1.0,-0.7724176927652396
0.019910621434461317,0.22208588350442116,1.0,0.7804410627502564,-0.46608023788311176,1.0,-2.2393331164766916
0.188467374168434,1.0,-0.9137575527215707,0.3991615079034251,1.0,0.1887295657827879,2.2943915409515148
-0.844481613960698,-0.567804973882545,-0.6159647124797794,-1.0,-1.0,-0.6409799140548058,0.9635372248076741
-0.4942248239213239,1.0,1.0,0.6178376453000269,0.1331372499397543,1.0,-4.534991444551785
1.0,0.16636970380410565,0.9449463296485632,1.0,-0.3910496756811732,-0.7457645419353816,4.0846035188907655
0.041779324510103244,-0.6659536054186344,-0.2731406037585372,0.36894444815715044,0.453118169733569,-0.9330756628321242,1.4901199961754616
1.0,0.580715388609989,1.0,0.44320606085250963,1.0,0.7269701223558316,-6.540177482948538
-0.008076322959491733,-0.37940166950625326,0.5882351521828789,1.0,-1.0,-0.9934594050647126,2.878693725371363
-0.2553815856118052,1.0,-0.20053139730716507,0.07590171669079557,0.2677546968905494,-0.41052570267381405,0.8193869005509433
0.9490327065396079,0.9519213991659636,-1.0,0.8442071953205236,0.2682595123333511,-1.0,3.0052991257758985
1.0,1.0,0.038104555253330785,0.4209962016020181,0.47023422624926453,-1.0,2.6376371263086344
0.8972009437338386,0.8031911535492109,1.0,1.0,0.746569648179257,0.6995226383585339,-7.20330729131205
-0.428517474187139,-0.842457632496475,0.3650513657694162,0.49846141424560597,-0.4281519079093383,0.01836013277660664,-0.1884037944153254
-0.2017505510208653,0.2198551152664684,0.8204812039159066,1.0,-1.0,-0.7866530443083128,0.6360438275199015
-0.8711136039430273,0.727133836225896,0.9822304134192925,-0.18747841339123444,0.8615310203742532,0.6537828621347861,-1.5853134831932545
-1.0,-1.0,-0.1756517370957136,0.1072557499689758,-0.5570439698501104,-0.9453662641777394,1.504559929028379
0.775776633652256,0.15029271290316348,-1.0,-1.0,-1.0,0.6127192718049296,4.8111116230784825
-1.0,-0.8792562704882061,-0.669215601397271,-0.10763578870654933,1.0,-0.1766721440399246,-0.6136327313033034
-1.0,-0.5981782736100432,-0.17389710013266813,-0.9088270042720132,0.3385015328958323,-0.3383946618140853,1.3357896076820959
-0.36912712155542915,0.15816963441451243,0.41756798940636664,-0.31207713539817583,-0.8424430136747296,-1.0,0.8667150958564147
0.5663725787855081,1.0,-0.047645876394133646,1.0,-1.0,-0.9170945427381247,7.994305228158779
0.1309493553846073,-0.6205210436478729,-0.5304573490514592,-1.0,-0.7240677054209412,0.21686126263911715,1.3248296732670022
1.0,0.006513606427344998,0.5394676087259629,0.33578917987760404,-0.8470920308418084,-0.13958551271179429,3.155231602503576
-0.24242977188423143,-1.0,-1.0,-0.3051958929816134,-1.0,-0.6263163421061555,-0.5020539960263474
1.0,0.5196096670515336,1.0,0.7782967887926252,1.0,-0.9426549568953646,-4.658711114812383
1.0,0.40570047633273193,-0.5522624645650771,0.5057825687768637,-1.0,1.0,8.53355882786575
-0.11553030162518962,-1.0,-0.1131609709714827,-0.11903501412920403,-0.9223501196583426,0.30621162363890614,0.4450915509669945
-0.033673497099980354,-0.3120231490495764,-1.0,-1.0,0.0145822191900849,1.0,3.687202987208262
0.07164702676812407,0.45965869460178393,-0.4544624993617552,0.7554076297512176,-0.006045910595476323,-0.5541512580033108,0.0970446569686064
0.6659656774527918,-1.0,-1.0,0.7165506948490038,-1.0,0.38190139148833957,1.7083056710165598
1.0,-0.5832157079777157,-0.894949384244282,-1.0,-0.8387252551739679,0.3092915676874573,5.204537826022558
1.0,-0.718996280851409,-1.0,-0.5920729860644904,0.6039959627226138,-1.0,0.5974664382149574
1.0,0.6325913625445018,0.27721691535181203,0.4270559204432862,0.21905883231080042,-0.32234722970027907,-0.6639870803120662
-1.0,-0.06050659875989717,-1.0,-1.0,-1.0,-1.0,1.8100369476273293
-0.36427885463551946,0.7618901920210048,-0.032746062180706165,-0.49558009039875783,-0.3324019485657642,0.866080005258437,3.2310491873305125
0.29335598455334155,0.16697302899758665,-0.975355877711993,1.0,-0.2835567521142457,-0.9348971830464845,0.9439771374319543
0.543184109003168,-0.0038113158663809488,0.5177677733163678,-0.3200313300164561,0.843446439524904,-0.4891965349389375,-0.30319959908006155
-0.470932936968695,1.0,0.5359684403699602,1.0,-0.835239254365057,0.6710956468976557,-2.6918449721257156
1.0,0.756362683645877,1.0,1.0,1.0,-1.0,-5.749821524739634
-0.8741063104088216,-1.0,-0.6320215932714177,-0.5186053514718385,0.896064637890631,0.3360565036921752,-1.2419178934891832
0.741325365956738,1.0,0.3243914512410262,0.6039525085463537,-0.34429856795049824,0.45125629792239114,0.031396101718881186
1.0,-0.05663215184388571,0.6117406226078869,-0.07505482459314128,0.2922535911725418,0.4348576478692594,-1.2083662708629332
-0.6172754059054218,0.14300781802334506,-1.0,-1.0,-0.6495474278188877,-0.001542791550227518,-2.251909231523389
-1.0,0.4370590959762525,-1.0,-1.0,1.0,1.0,11.494994208839456
-0.24847530976808047,-0.24813970747379277,-0.08691520303075884,0.49742056408062685,-1.0,0.07470289510899963,-0.36404001798769425
-1.0,-0.9279522937009346,-1.0,-0.23173226643182754,0.17947466510548737,1.0,2.921494900280901
-0.5485354790964956,0.5525686246298136,0.12723234228637204,0.19323376769774148,0.43022170343197413,-0.9434720500210364,2.8198363968912123
-0.18935493566960904,0.6159232791832152,-0.4110771575127559,1.0,-0.809127787446156,-1.0,3.6509556748040457
-0.7307065325610478,0.16694776145217893,-1.0,0.0709057893748728,-0.9264342680487478,-1.0,0.9775157571296369
-0.47653067164540597,-0.26226211492401524,0.7325333103264293,-0.2096650466307698,0.6617601465409519,1.0,0.264832906206353
0.37756229863597945,1.0,0.4037665760996687,1.0,0.5361593209126814,-0.2477847393406048,-0.8142466252305501
-0.8461290647321982,0.3614871815145736,0.05469546236640582,-0.2708144683999995,-1.0,1.0,0.08593261993207109
0.5718583720049855,0.9900328301621022,0.8581168778771198,0.25945925110017853,0.4102418181615216,1.0,-2.074586249729875
0.30802712512858144,-1.0,-0.5805978881727822,-0.41470204066758876,0.8183079900729417,1.0,0.5106226638672761
0.16200062459482734,-0.33255408912125073,1.0,0.7567452224295002,-0.6823711783137174,0.21987285197877043,-1.182958008254929
-0.039520906177568316,-1.0,-1.0,-0.46548677235741276,0.13099498103577611,-0.19557823210482295,-2.119750741540421
0.5695599594579495,-0.4445904029568468,-0.8645803548626665,1.0,-1.0,-1.0,3.7139747190988905
1.0,0.5686981756090238,0.6809112894172515,0.9468391614455035,-1.0,-0.578060794989698,6.678377703379723
-1.0,-1.0,-0.17187684011236537,-1.0,0.5851372356300113,-0.4275266967612593,1.1351639400911713
-0.6347225471164991,0.722869993906818,-0.5665564061901073,1.0,-1.0,-1.0,3.2470145370269674
-1.0,-0.4776312373495041,0.6095385902394787,0.4489384238321116,-0.3326544588760837,-0.9142894826294559,1.5397814867082507
-1.0,-0.6456464453211528,-0.20349280804860004,-0.726056777254591,0.23205061277178207,1.0,0.03244696030170485
0.022928787481329538,-1.0,-0.8160203614110896,-1.0,-0.4401085521677027,0.923551347878026,1.0063096915839385
1.0,0.5349382422603968,1.0,0.06003403975494659,-0.2350629642215798,-1.0,3.322101756226268
-0.3958162117886831,-0.8143627657201101,-0.15226407720276675,-1.0,0.10788361623664627,0.46265666842062025,-1.8734951605933965
0.13217026342712213,-1.0,0.30924700854501874,-0.5693611817727109,-0.0021847595773005213,1.0,1.7169083778850167
0.4442321234301865,0.11793276612855197,0.2952519379451319,-0.8636976422644409,-1.0,-1.0,4.536820328221113
-1.0,0.1174943105787476,-0.20237713713592798,-1.0,-0.47620549389637945,-0.6460078025179679,0.1771491158405431
-0.15636367655129335,0.6961300871403334,-0.3757095449626262,-0.20032167117742672,-1.0,-0.09662481988461957,-0.6131242402055294
0.5353504298101215,0.12671015580524725,-0.1424870648296772,1.0,-1.0,1.0,6.259497816531715
1.0,0.6311435960993887,1.0,0.23074950113752882,0.34147628314078643,-1.0,1.5546732817411169
0.10865984027253209,0.26637788627841247,-0.26187442364548136,0.6075525775356345,-1.0,-1.0,3.1810502017290463
-0.11011257134590541,0.8880827061545955,-0.19298939156663888,0.02995993541775488,-0.011991739380025623,-1.0,2.384564315089268
0.2141435633378725,-0.5582034265004098,-0.7903161885577875,-0.41530103331881085,-0.5582224317520926,-1.0,3.290514765446646
0.49142323686549505,0.7132455106226971,1.0,0.6523051198487843,0.34132126122873885,0.4479558295793851,-3.2691525489938105
-0.2156283758162958,-0.13430649301008285,-0.5900336304095567,0.3570178346280073,-0.721586747837728,-0.8768665122958337,0.36124375120454244
0.6007745727627676,0.4314180728302359,0.5688698747777436,0.346906848078375,1.0,-0.2348976412716749,-1.692052379347721
-0.34187748601599705,0.6915754416171729,0.8149888310054026,0.8305525221197044,0.11724018266637914,-0.9129820221850806,0.3673067519967589
-0.4859414760733913,1.0,-0.9206501179554529,0.18753356512026909,-0.8311285207394938,-0.23941657358838286,0.9317014344115657
-1.0,0.3449485468207125,-0.4997252494838126,0.5672218828421354,-1.0,-0.2773805166276384,-2.3726855124657487
0.3255534586764903,0.9516262983099288,0.3757185584512378,0.37266471213613683,-0.41810042743039216,-1.0,2.956484508306419
-1.0,-0.4506752894627969,0.06116297250758074,-0.5769789284139363,0.4019683398681305,-0.4446344442506234,2.1977001744565166
-1.0,-1.0,-0.44070103841314323,-1.0,-1.0,-0.8198821857546671,4.085820785629079
0.6101570221881684,0.8244505224936266,-0.09107947000369654,0.944598069981757,-1.0,-0.44238614825911005,4.214749798998335
0.007121536258502648,-0.7713870217351513,0.10694023541461728,-0.6201344212164597,1.0,0.559309064951071,-0.26676652929068156
0.8127757531534152,1.0,0.5840152760016182,0.7438693354121381,1.0,0.4937795001119305,-4.85151462912114
-0.6631602081302447,0.43177257325345575,-1.0,-1.0,-0.7190313242237707,0.9234489476495964,7.316153157402137
-0.039199106706502285,-0.7643384875330366,-1.0,-0.5843463831364059,0.30418047057089,-1.0,3.5143558477907004
1.0,-0.1410539288325371,0.8691515184374036,-0.08609747494854958,-0.8711857406870767,-1.0,6.920726266856581
-0.734072460203555,-1.0,-1.0,-1.0,0.3337682088763496,0.6510295961485737,-4.852265930943316
-1.0,0.01718391453796464,-0.8918684248337875,-0.29794274640713453,-0.4236118283393655,-0.08504887332311684,-1.5537541747369463
-0.6292069032803771,0.11636915538465453,-0.9497137347189399,0.3000732523603838,-1.0,-0.41679031806098765,-2.92931771142424
0.604399608207276,-1.0,-0.9736766031127151,0.03684455080579779,0.34134225618070957,1.0,0.6247485034026219
1.0,1.0,0.3475028223912291,0.9073793414484179,-0.3311629758399184,-0.8683417091159862,6.588060427722746
0.13991969056624964,1.0,1.0,-0.2901258352167204,0.9481767795765756,1.0,-0.5629695318024222
-0.018460107516209745,-0.5105309713095931,-0.06382203437651357,-1.0,-1.0,-1.0,6.150977555089935
-1.0,-0.8530633831086376,-0.08516376788999758,0.0334562081302372,0.07870328586199754,0.8016516831324045,-0.5760812413104397
0.4988606492257557,1.0,0.7871172886267646,1.0,0.695718987035284,0.7858741154048245,-5.084985231695491
-0.027606133034800084,0.1334658933008066,1.0,0.13170225460834956,1.0,-0.32757660974533953,-1.0259396630306874
-1.0,-0.8848048023084241,-1.0,-0.6864014194797525,-0.6597675791822015,-0.9557706629725087,2.612857181787313
-0.9100436119765958,-1.0,-0.8550196433534943,-0.5723430180938709,0.07119769815138191,0.14913703544174825,-3.9161880612334703
0.13286369098149908,0.20835497496743938,1.0,0.2541322146251863,-0.9840042766689359,-0.7346195710930441,0.24809641465726062
-0.34419911518198043,-1.0,-0.9560297436793798,-0.5739311715467266,1.0,-0.4893261251108625,-1.7208195453340802
-1.0,-0.3760065642108569,-0.25129291064631226,-0.14373622635779665,0.9308047628793252,0.032639026994467635,2.5620457974576794
0.6337859175101512,0.7300220251305298,0.8129010170208729,1.0,-0.11131372486762481,1.0,-2.169178744277767
1.0,-0.6445480021403498,1.0,-0.2049211996464247,-1.0,0.5508329111623256,4.629398517602836
-1.0,-1.0,-0.9243084111936801,-1.0,0.8321972330842163,0.050605650874229906,-7.753403467334047
0.9561287520801341,-0.0354053961694758,0.6915766285907041,-0.999906671876569,-1.0,0.6933159728132141,4.396599065635896
-0.592999855187043,-0.9056022147781722,-1.0,-1.0,0.7412296262232292,-0.06198570917715934,-4.606180566125282
0.36038716102393537,1.0,0.3821140355179798,-0.07623937338701292,-1.0,0.8686790871653478,3.317493669503665
-0.15053534344260938,0.37489215039101254,-0.014997654775866676,0.49986142725707383,0.014544718994794259,-0.23720233884811034,0.9623666193271718
-0.20497307317124214,-0.009137953029784207,-0.3158202604856509,-0.6925209836923509,-0.6817080243203198,-0.9556718940844215,1.6707289745748048
-0.41276558580177203,-0.5119883586939467,-1.0,0.34660946102895274,0.25256218303224304,-0.4371504283208881,-0.39857814095460276
0.2768652089035073,-1.0,0.1397850151915963,1.0,-0.338469023014731,-0.10792335322616797,1.5565611938221435
0.4252945896768165,1.0,0.2555213645207225,1.0,0.7391693241987393,-1.0,1.0307303150299987
-0.5696157625507471,-0.6472850888306099,-0.007218676771500898,-1.0,1.0,0.8405922619748174,2.4652072952551687
-1.0,-1.0,-0.9717080699959618,-0.41843281272673116,1.0,0.47223555427835606,-3.7704136717071823
-0.35977776046170773,0.5777130914055412,0.39178744014601985,-0.8241335882656902,-0.11010309236677207,-1.0,0.7442179813632548
-0.34764175347920934,-1.0,-0.2380432228778126,-0.5984069776584139,-0.7004507216623732,-0.5101041305038978,1.6337785214614415
-0.38106121919336955,-0.6125336810412375,-1.0,-1.0,-0.5110139989472477,-0.5859542878654398,-0.0462183952555493
-1.0,-0.4581059954584241,-1.0,-1.0,0.8923476798334101,1.0,5.260504206458125
0.8644254237948725,0.2995741137265433,0.49572351273231074,0.7780384685680644,0.25479403225961855,-0.7168893682767463,1.850618119278839
0.8535857157622873,0.29577762932516394,0.26297340766940747,1.0,1.0,-0.2749575661453433,-1.3390587772097744
-1.0,-0.9017119120784831,-0.891717576600075,-0.6133974199739735,0.7652168826783552,0.18396546823255883,-4.083889203866689
-0.6265683456355179,0.09195348615073168,-1.0,-1.0,1.0,0.27249689477718375,0.9887362514741076
-1.0,0.08122105052363571,-0.6957351346320113,0.41836902491647954,1.0,0.20265715463908318,2.3556437732282554
0.3950512930252472,0.6686222074945019,0.706275081475273,1.0,-0.30457473867811974,0.7600498416867913,-1.0238514602108955
1.0,1.0,1.0,0.06494208362295029,0.28041388660522304,0.19614774740016777,-3.830889569108775
-0.6865173453743234,-0.016009962467147476,-1.0,-1.0,-1.0,-1.0,0.9927635725443573
-1.0,-1.0,-0.6532767305854871,-1.0,-1.0,-1.0,4.772670877949775
1.0,0.3890351374553147,0.5170368131916865,0.6439035967677191,-0.015217632962850836,-0.5367805499903425,1.5052973813683406
-0.32842017178237487,0.19400880085812608,-0.2804998998465863,0.590494033223951,-0.5638057338665006,-0.36939128812972516,-0.7737246479630581
-0.20121343663548563,-0.9251568446365934,-0.6875387644898254,-1.0,-0.9189711560696883,-1.0,5.809820379025104
-1.0,-0.5034246118879955,-0.7074960909268753,-0.7835030908524692,1.0,0.27877022449149635,0.32075815173173283
0.688497621545333,-0.29140382834072753,-0.4306419783812048,0.26882036247454827,-1.0,-1.0,4.991571298065389
0.3922731834628589,0.46881738703899256,-0.8854541733610346,-0.33720624373689567,1.0,1.0,5.781029512036826
1.0,-0.6104119849662342,1.0,-0.06226960434635265,0.11976717975136886,0.8642012404322266,-2.546523719637014
-0.17975638853860532,-1.0,-0.3327746327436052,-1.0,0.4039643620108663,-0.1703893469551476,-1.1354117600916216
-1.0,-1.0,-0.7364707472585965,-0.36193809453404624,-0.5567130788734925,-0.07288749673373288,-3.0976589460904016
-1.0,-0.3647360269041001,0.013582071628562176,-0.7800913229883434,0.47822351779595074,0.7825191487420697,0.8359277304279735
-0.5243026823490852,1.0,1.0,0.7068441603204225,-0.2540191537428354,0.6927844658720173,-5.262865327631836
-1.0,-1.0,-0.0385083625922773,1.0,-1.0,-1.0,-1.5363290851638576
0.8730170654352635,0.26059282569693265,1.0,-0.5645905408542009,0.013938591638607889,0.6562522858282458,-0.6651718493039518
-0.38585301278798534,-0.1683209534931117,-0.20516100472225862,-1.0,-0.3057963838351523,-1.0,2.4901166071493024
0.3188902388422379,0.6415927570078872,0.700365696805229,-0.573401769741447,0.6384402530982558,1.0,1.4269444157431912
0.186464032874464,0.13302638272419454,1.0,0.9876365319818409,-0.553556480368618,-1.0,1.5186778127878682
-1.0,-0.06658506262549259,-1.0,-0.09719278989942474,1.0,-0.07488091305342903,-0.7023781879932494
1.0,0.2219691047762819,0.5224133157045732,0.1225686354531279,1.0,-0.32856685839370114,-1.8167581169559546
0.9116429263127523,0.48175127553021674,0.5983774850089769,-0.6004098264660865,-0.5987293840383185,-1.0,5.0474313090888465
-1.0,-1.0,0.3572231161467275,-0.10586532758570216,-0.49842054536069824,-1.0,3.69263867199858
0.3835859241673885,-0.17379241442345772,0.00890629535262455,-0.8140921508692914,-0.5033288888624312,0.01887657789719882,0.6997744313775357
-0.6975856005372807,-0.39022457456676685,-1.0,-0.4150826455520513,-0.8351205884282995,-1.0,2.1529466759306084
1.0,0.7323198801894035,1.0,0.31258375167798547,0.9891624453611485,0.8969031475948674,-5.6573140193984415
-0.6486651070997131,-0.3361219609832603,-0.061804946392128746,-0.5109234891195326,-1.0,-0.9100305321085322,-0.22846114729609573
0.9325860855188292,1.0,0.5608009490194034,0.3101696739410126,1.0,0.43220740439817473,-3.5035573062742786
-0.6646824442967209,-0.10260212405184377,-1.0,0.08863886215235761,-0.21138444554138047,-1.0,4.62704274968079
-0.5735078116136751,1.0,0.11108284933765189,0.19803715441870517,0.414393102210294,0.14240397665245164,0.24632255834225325
-1.0,-0.6404299711540953,-1.0,-1.0,-0.8796313580176477,0.2009463182559611,-1.9815417848235968
0.18872580328254296,1.0,1.0,1.0,-0.7252709283735321,-1.0,2.195639598061919
-1.0,-0.8520211313488371,-0.8059395095811535,-1.0,0.9000719499380456,0.8731122323614663,-0.29333051651725245
0.7626022651864554,0.35308752196797233,-0.7460219851562879,0.14590526785833613,0.4121156122041405,0.27830708352395583,0.28771537417764326
0.2481389013595059,-0.6632809860274753,0.7264765149220562,-0.494149552937755,-0.7488546164235181,0.39250621936810826,0.7105371728049412
0.5403056589211991,0.3397606631764636,-0.30890645841441855,1.0,0.37509495437506435,0.04720868165338876,0.11103976375788283
-0.1560964019151767,-1.0,0.8463204952934587,-0.016731055372858405,1.0,0.45081275829286604,0.6007456837081182
-0.8769690562411687,-0.8177373325413012,-1.0,-0.4791426491974655,1.0,1.0,3.4295774581499057
0.4510760774573607,0.14055354491767952,-1.0,-0.9593494613363955,0.2885980555379175,0.6258002281053515,0.9609587191807302
-0.7098936117954017,0.5070701541725213,-0.17820090209696188,-0.294170378362673,-1.0,-0.8342011084317108,-1.644474932290625
-0.24138962140339004,0.48866331508764604,-0.3337622793738487,-0.9553284267750037,-0.3674750473417771,-0.6426257773054225,0.13789202539503692
1.0,0.09257006973339227,0.7905311194711824,-0.2552674011661934,0.2799380314783698,1.0,-0.3217668680485106
-1.0,1.0,0.4095935636243776,-1.0,-0.372827495176428,1.0,-0.09340149228811379
-1.0,-1.0,-1.0,-1.0,-1.0,-0.7385769506674891,1.1996162545956535
-0.18696032137232832,0.3201471375800399,1.0,-0.12144883602714152,1.0,1.0,0.03379559063312826
0.703152500232592,-0.213923803986239,0.055912321228658524,-0.3634609509611634,1.0,0.9109005113816275,-0.4512151162285715
0.0726414668526597,-1.0,-0.6932506225625974,-0.34933128025132554,1.0,-0.2189343573583331,-1.6066414154043487
-1.0,-1.0,-0.5177443477319448,0.22122742249916094,-1.0,-1.0,-0.8088156038407341
-0.7260910575244071,-0.835200002131466,-0.7241998212631519,-0.6257350780472771,1.0,-0.33580303181865684,-0.045398581536742755
-0.05559318302648608,0.2817699886727887,0.962827400967595,0.5897645590721365,-0.7344966621189755,-0.4685021583009148,-0.21287390834622305
0.9450803231309767,0.6582840288329523,0.6780455845818603,0.07275007760860697,1.0,1.0,-2.244109982680775
0.6321797560732845,0.21402233739332743,-0.19253226750290542,1.0,-0.337938351721261,0.40889595551102725,1.4204012186262767
-0.7155213444270895,-0.64238815813064,-0.233568894208688,-0.8625468166551111,-0.879861851648766,-1.0,4.059668945140502
0.11895899518361783,-0.9227606623869786,-0.26988689247310793,-1.0,1.0,0.23785586967900652,-0.07974299507815175
-0.2541249431640731,-0.23493329663090934,1.0,-0.28152480325551804,1.0,0.5388129508190174,-1.3106535582828882
0.8326707187987383,0.8598245911625986,1.0,0.5348718522454066,0.42482465461094177,-0.04233297421196583,-1.9923572405684928
0.6337611355615101,-0.20070490351232106,-0.34072119004767815,0.2796547857577957,-0.05265275804606506,0.15994182955760294,0.5524859253034626
-0.09696454073298433,0.4461176624899078,-0.0917565366591051,-0.20759215487376814,-0.2665395149862786,-0.6883981187206005,0.1385391050966452
-0.9156872179460894,0.05756722466319175,-1.0,-0.8891373998854453,0.16352756398499846,-0.400876584019468,-0.025291236053492816
0.6745191054974549,0.785082577885847,0.4318138585412371,1.0,-0.12530888749590596,0.23972814122111363,-0.7234571514306127
-1.0,-1.0,-0.03741183656949021,-0.5733097236631833,1.0,-0.2886569712230851,4.614891432797103
-1.0,-1.0,-0.3839853619043555,-0.8259959410282363,-0.5718124728760929,0.23657585134335446,-4.036502170468094
0.7019980660590529,-0.9905149316263683,-0.7994367227546182,0.3619460567830649,-0.11535331212780196,0.16495234522029328,-1.8624080858347065
0.5790198788427862,1.0,0.6888722832831516,0.03309310983027697,1.0,-0.13776513332755025,-1.9955620398388731
-0.06624049182788694,1.0,-0.7643423554921281,-0.5006277391954311,1.0,-0.35470088045197745,1.7896213333159992
-0.8858682216135642,-0.38457854409687986,0.1517867800525574,-1.0,-0.422381786733595,0.3978347432773134,-1.4812593862917607
0.7024385769416166,0.25754163206683844,0.05161380037754637,0.6765589882761536,0.27813278011168285,0.9471056067872409,2.3675436803899372
-0.3710440907204693,-0.9830924192271997,-0.4574800012076772,-0.8630587448520359,1.0,1.0,1.5093343680303852
-1.0,-0.7520671239653158,-1.0,-1.0,-1.0,-0.2591530116175469,-1.7499352655441824
1.0,-0.8639202658167194,-0.6012111029171284,0.7594256465398425,0.7041835567348524,0.745639130074937,-1.281545434939744
0.05236673292873478,-0.9005413091399137,-0.26419741487385073,-0.42712831062137724,-0.5452247889462402,-0.622400764666825,1.802039269556662
-0.8664277511115153,0.31810010375759373,0.0072518180184738545,-0.10876391202849922,1.0,-0.37779167670974567,3.4101344972562613
-0.12715773276637865,-0.5420473318669379,-0.2672245164560878,-1.0,-0.935640150382148,0.5704839795739427,2.5653897491929474
0.20222750668155076,0.4234846180396219,0.6498409589565437,1.0,0.5164742428238731,1.0,-0.05678041578941212
1.0,1.0,0.8863376486401549,0.6895320608029902,-0.6380998757476615,0.9586499997980688,0.8463111514275069
-1.0,0.4079587072867542,-0.22513731836283812,0.07264231916829467,-0.10849898017334175,0.012647979357343297,-0.17818570832913622
-0.8861480434589428,-0.053678391571509776,-0.6442390025754212,-0.73321423529383,1.0,0.6224342229863604,2.6531945893425695
-0.42948077769955595,-0.7419369346581366,-0.6051071008013753,-1.0,0.7287880752811335,-0.48411784641842015,0.16807632519777682
-1.0,-0.06701917866128615,-0.8469672679968969,-0.28951878305272116,-0.5183254179365355,-1.0,4.372838968198491
0.8927625827476109,1.0,-0.8010170888618731,-0.24626240522283926,-0.0173862000435418,-0.5966040227834483,1.0213242752884233
-0.5507662014525172,-1.0,-0.4078121924218283,-0.5009680453077795,0.4631065659217515,0.03511293007500732,-0.565020136246342
0.3557662595313475,-0.06378804830620433,0.9425568251541133,0.2494344891882052,0.1273421080003423,0.00391876801432911,0.48598416224707175
1.0,-0.31467939806528195,-0.3836462809474306,0.6021900650506303,-0.01457324367903864,-0.6537790067223516,1.6968305033996063
0.7853662425453787,-0.32206380124399475,-0.08946332396050083,1.0,0.3266670370096907,1.0,3.1889867239198435
0.6618099212152937,-1.0,0.24312036946152055,-0.9301638360740865,-0.6172355249024166,-1.0,10.675096474895355
-0.6684128692140947,0.5332090820930655,-0.5681230322276712,1.0,1.0,-0.6484001900463783,1.91736487708222
-0.6560844613486488,0.4646345155281557,-1.0,-0.9140283312901831,0.9439451325016366,1.0,10.157107927968573
-0.30597973644452203,-0.6018933752519334,0.0877137024894625,0.14221930625070262,1.0,0.4965356125598994,0.41768690531561203
1.0,0.4605508995961652,-0.5903718446249099,1.0,-1.0,0.3671685259498251,4.232085176146924
-0.9089190392177386,0.9085767349115926,0.7952198150949389,0.9525967278068777,-0.27765002855515386,0.2091549200591275,-3.9375954915258893
0.5025386624006936,1.0,1.0,0.6869270919636044,0.33065559836612635,0.617949190211191,-4.257866903247348
-0.5236358296945879,-0.5509562986680803,0.8361866670926406,-0.9185459684029168,1.0,0.5436041572648673,-0.4840369903143954
1.0,0.37199036884950765,0.8057115040582481,0.16593759781228212,-0.6535566375467132,0.4451801116149897,2.1342105168441345
0.44433868597967296,0.35571134731892795,-0.14778894113113555,-0.3714970198630788,1.0,0.5341515223749722,-0.030857500415864603
-0.9285740512132098,-0.4949426646530144,0.009444308312974603,-0.8056559804335187,1.0,0.622695731350795,2.8984538409457987
0.4355528951377521,1.0,1.0,1.0,-0.07998979551273272,1.0,-5.1000288128576114
-0.3641077412732076,0.6339457709503412,-0.652829100096455,1.0,-0.6032804611410857,-0.08101587968117485,0.006039078978227336
-0.23080417995736902,-0.471211030976117,-0.10244169949585927,0.836638965225839,0.09019403833274464,1.0,3.4509547299013485
0.1807718799681774,0.9511986542272137,1.0,0.3171793101148743,0.8392825435466078,-0.9421997570010763,-2.269102189361966
1.0,-0.4024286630051701,-0.06086550795827903,0.37717131250703395,0.5397391932679243,0.7501836708825836,-0.7811023579900354
0.558200372307915,-1.0,-0.6522736420412395,-1.0,0.06380916195495734,0.9357998168191531,-2.1167300528590354
-0.3282795738620945,-0.8916579926654903,1.0,-0.7296347770842662,0.4356658666511752,0.5040733566033705,-0.932501200636932
0.17947108643119924,0.6156296330676309,0.6779471770439128,0.8992986157461248,0.006522161854044306,-0.05362518057248476,-0.48712265425501383
-1.0,-1.0,-1.0,-0.6991862874138096,-0.12558770889141968,-0.44360108933526565,-4.25908287496844
-0.19745086877900064,-0.4094744390105906,1.0,0.7377219998205291,0.025366279806080083,1.0,-1.366072691312728
1.0,0.2816551620261274,0.0988715995794145,1.0,0.38719498479471315,-0.10772592385751878,-0.48199059907475617
-0.8933518904478606,-1.0,-0.0980942268838274,-0.44184106309318816,1.0,1.0,3.5544278068444837
-0.26854137736934736,-1.0,-0.12016747336113492,0.00819103651237163,-1.0,-1.0,2.588026319717461
-0.2713328900930227,-1.0,-0.5503570193909105,0.05394373974778899,-0.5501634334361253,-0.9156556566752186,1.4196222735843804
1.0,1.0,-0.1948770517448598,1.0,0.8112960697026532,1.0,0.9146681792230119
-0.5566461615125128,0.4028358057664222,-0.7626687633301801,0.06040189532230056,-1.0,0.05962422709374604,-2.481728347375407
-0.08286311299354554,0.07652785757192215,-1.0,-1.0,0.6247979026779394,-0.02199613659118871,-0.6807648973165005
1.0,0.2880799496024584,0.5923187588062448,0.5594509742606171,0.41089575745323775,0.44489021553602515,-1.682891822558356
0.09750380605651221,-0.4468578251102242,-1.0,-1.0,-1.0,-1.0,3.7323609782711062
-1.0,-0.8778946466125789,0.06443543330009815,0.4969523075654183,0.13662043484271735,0.651407859497386,0.06546259374853314
-0.6341285275842634,-0.9801486217712858,-0.5278703465184968,-0.6041169286239161,-1.0,-1.0,3.250243317853302
0.4860581755751623,1.0,0.48841945854029534,1.0,-0.6453263285871937,-0.32187283454796434,1.8608235654962162
-0.9509317367866992,-0.38925535258615795,-1.0,-0.5262838012501982,0.6537568782645402,0.12068410297889282,-1.975773052923659
-0.4224176542687357,-1.0,-0.11591254663534345,-0.4478945541756625,0.8699324106762314,0.22872372636172633,0.7968715293970905
-1.0,-0.7753879974825989,-0.29622026127111867,-1.0,0.3353807148213329,0.18783269417953985,-1.1551015332866188
-0.49270327286906257,-1.0,0.4044254477115048,-1.0,-0.6780663717198021,-0.6459325810365868,5.222132996092223
0.6757118552651682,0.5034498343362572,0.6158178180220051,0.9848004919497482,-1.0,-0.5827890877280821,4.373365927017839
-1.0,-1.0,-1.0,-0.014326190514313497,1.0,-0.7163134353691148,-1.1820342039723628
0.7936969098321174,0.3186121498835397,0.9337951252437648,1.0,-0.005623547308641563,0.8338204197046515,-2.4821381787324945
-1.0,0.4849383494043711,-0.4682897518053235,0.260138128905252,-0.19378305849835953,-1.0,3.1152944816205426
-0.1498139073192526,1.0,0.35830553748558436,-0.469566340485037,0.30969025532203,1.0,3.2409160457675696
-0.35121217199199284,-1.0,-0.06389918218284979,-0.720534037723009,0.3459311585951723,1.0,-0.41227414158431297
0.23148118227113132,-1.0,0.4207911970918943,-0.3873847981256795,-1.0,-1.0,8.446518819309139
-0.9243204156585927,-0.5608573101534053,-0.20506274865229385,-0.4581757297054143,-0.6932143993620263,1.0,-0.4222075196836756
1.0,-0.4627794617165613,-0.6824944180082528,-0.3689086272389799,-1.0,-1.0,7.114067502253451
1.0,1.0,0.4765144067133326,0.2726615257934315,0.6355108744929443,-0.04684739095892504,-3.283969940674281
-0.6251359427017273,-0.8570924615570836,-0.2972829488337272,0.655648364524642,0.5952332353883802,-0.22030254989579345,-0.27940933994046063
-1.0,-1.0,-1.0,-0.31213422256780277,-0.26502048437986125,0.18039540124845355,-5.158049673928025
0.9535912125474948,0.03894767481972522,-0.466935643533426,0.17056196795171963,1.0,1.0,0.2792289618521197
0.5368935394464072,0.1561583034141063,0.20072818453652475,1.0,-0.6708271567829467,0.6402725475469732,1.7026337522116797
-0.899489332610863,-0.2316022170541484,-0.2674214271756216,-0.3029700515134762,-0.23525894523102425,1.0,1.3709555026314157
0.21373644852528895,0.7718443419514358,0.5480488817814103,0.5298241508506135,-1.0,0.08554643172001417,0.28247326445435433
0.1350478995134612,0.04172819835217023,0.07982616995387037,-0.36727793499396943,-1.0,-0.284033837528763,0.5645795823120678
0.21055478979011322,0.501802834293791,0.7361558209022733,1.0,-0.8484040211142638,-0.8075975210299566,2.9271992455407374
